{
  "after_path": "data/1d_sheet/testfile_1dsheet_after.bmp",
  "roi_bbox_y0y1x0x1": [
    1354,
    1404,
    1535,
    1632
  ],
  "roi_shape_yx": [
    50,
    97
  ],
  "major_is_y": false,
  "profile_length_px": 97,
  "profile_values": [
    84.0,
    80.0,
    77.66666666666667,
    80.0,
    85.0,
    90.0,
    98.66666666666667,
    104.33333333333333,
    113.66666666666667,
    118.33333333333333,
    126.33333333333333,
    130.0,
    137.33333333333334,
    138.66666666666666,
    145.0,
    145.0,
    150.33333333333334,
    150.66666666666666,
    155.33333333333334,
    155.33333333333334,
    158.66666666666666,
    159.66666666666666,
    162.0,
    163.0,
    165.0,
    164.66666666666666,
    166.33333333333334,
    165.66666666666666,
    167.0,
    165.66666666666666,
    166.66666666666666,
    165.33333333333334,
    166.0,
    164.66666666666666,
    165.66666666666666,
    163.66666666666666,
    165.33333333333334,
    164.33333333333334,
    165.66666666666666,
    165.0,
    165.33333333333334,
    164.0,
    164.33333333333334,
    164.0,
    164.0,
    162.0,
    162.66666666666666,
    160.66666666666666,
    160.66666666666666,
    159.0,
    159.0,
    156.66666666666666,
    156.0,
    154.33333333333334,
    153.66666666666666,
    152.0,
    151.66666666666666,
    149.33333333333334,
    149.33333333333334,
    148.0,
    147.66666666666666,
    147.0,
    147.33333333333334,
    147.66666666666666,
    148.66666666666666,
    149.33333333333334,
    151.33333333333334,
    152.0,
    155.0,
    155.33333333333334,
    158.0,
    158.0,
    160.0,
    159.33333333333334,
    160.33333333333334,
    159.0,
    159.0,
    156.66666666666666,
    155.33333333333334,
    151.66666666666666,
    150.0,
    145.33333333333334,
    143.0,
    138.0,
    133.66666666666666,
    128.0,
    123.33333333333333,
    118.0,
    113.33333333333333,
    107.66666666666667,
    103.66666666666667,
    99.0,
    96.66666666666667,
    94.33333333333333,
    95.0,
    97.0,
    102.0
  ],
  "flat_top_center_px": 34.40153447319552,
  "flat_top_half_width_px": 45.197490119007554,
  "flat_top_bounds_px": [
    0,
    80
  ],
  "flat_top_mean_intensity": 148.6375,
  "rms_percent": 15.480272756341376,
  "pk_pk_percent": 60.10147730776777,
  "plot_path": "docs/sweep_sheet/1d_ringing_width/flatW_36_plot.png"
}