{
  "after_path": "data/1d_sheet/testfile_1dsheet_after.bmp",
  "roi_bbox_y0y1x0x1": [
    1356,
    1401,
    1524,
    1644
  ],
  "roi_shape_yx": [
    45,
    120
  ],
  "major_is_y": false,
  "profile_length_px": 120,
  "profile_values": [
    85.0,
    85.66666666666667,
    87.0,
    90.66666666666667,
    95.66666666666667,
    102.0,
    107.66666666666667,
    115.33333333333333,
    120.66666666666667,
    127.33333333333333,
    131.66666666666666,
    137.33333333333334,
    140.0,
    145.66666666666666,
    147.66666666666666,
    150.66666666666666,
    150.66666666666666,
    153.33333333333334,
    152.33333333333334,
    153.66666666666666,
    152.33333333333334,
    153.66666666666666,
    152.0,
    152.66666666666666,
    151.33333333333334,
    152.0,
    151.0,
    151.66666666666666,
    150.33333333333334,
    152.33333333333334,
    151.0,
    151.66666666666666,
    150.33333333333334,
    151.66666666666666,
    150.0,
    151.66666666666666,
    150.0,
    151.33333333333334,
    149.66666666666666,
    151.66666666666666,
    150.0,
    152.0,
    151.66666666666666,
    153.66666666666666,
    153.33333333333334,
    156.66666666666666,
    156.33333333333334,
    159.66666666666666,
    159.66666666666666,
    163.0,
    163.0,
    165.0,
    164.33333333333334,
    165.66666666666666,
    166.66666666666666,
    167.66666666666666,
    166.33333333333334,
    167.33333333333334,
    166.33333333333334,
    167.66666666666666,
    165.66666666666666,
    166.0,
    164.0,
    164.0,
    161.66666666666666,
    161.66666666666666,
    159.66666666666666,
    159.66666666666666,
    157.0,
    157.33333333333334,
    154.0,
    153.66666666666666,
    151.66666666666666,
    151.33333333333334,
    149.66666666666666,
    150.33333333333334,
    148.66666666666666,
    149.33333333333334,
    149.0,
    150.0,
    149.66666666666666,
    150.66666666666666,
    150.0,
    151.33333333333334,
    150.33333333333334,
    151.33333333333334,
    150.66666666666666,
    152.33333333333334,
    151.0,
    152.33333333333334,
    151.66666666666666,
    152.66666666666666,
    151.66666666666666,
    153.33333333333334,
    153.0,
    153.66666666666666,
    153.0,
    153.0,
    153.0,
    152.66666666666666,
    151.0,
    151.0,
    148.33333333333334,
    147.66666666666666,
    143.0,
    142.33333333333334,
    137.66666666666666,
    135.33333333333334,
    129.66666666666666,
    126.0,
    119.66666666666667,
    116.0,
    110.33333333333333,
    106.66666666666667,
    102.0,
    99.66666666666667,
    98.66666666666667,
    99.0,
    103.0,
    108.0
  ],
  "flat_top_center_px": 59.17636018149077,
  "flat_top_half_width_px": 41.26386421338411,
  "flat_top_bounds_px": [
    18,
    100
  ],
  "flat_top_mean_intensity": 155.02439024390245,
  "rms_percent": 3.6673165484006276,
  "pk_pk_percent": 12.25613593455003,
  "plot_path": "docs/sweep_sheet/1d_ringing_width/flatW_45_plot.png"
}