{
  "after_path": "data/1d_sheet/testfile_1dsheet_after.bmp",
  "roi_bbox_y0y1x0x1": [
    1350,
    1404,
    1544,
    1655
  ],
  "roi_shape_yx": [
    54,
    111
  ],
  "major_is_y": false,
  "profile_length_px": 111,
  "profile_values": [
    91.0,
    85.0,
    82.66666666666667,
    84.0,
    88.0,
    94.33333333333333,
    100.66666666666667,
    110.0,
    117.0,
    126.66666666666667,
    133.0,
    141.66666666666666,
    146.0,
    153.33333333333334,
    156.33333333333334,
    162.33333333333334,
    164.0,
    168.0,
    168.0,
    173.0,
    171.0,
    174.33333333333334,
    172.33333333333334,
    174.0,
    171.66666666666666,
    173.33333333333334,
    170.33333333333334,
    171.66666666666666,
    168.66666666666666,
    169.33333333333334,
    165.33333333333334,
    165.0,
    161.0,
    160.0,
    156.33333333333334,
    155.66666666666666,
    151.66666666666666,
    150.66666666666666,
    148.33333333333334,
    148.33333333333334,
    146.66666666666666,
    147.33333333333334,
    146.33333333333334,
    147.33333333333334,
    147.0,
    149.0,
    148.66666666666666,
    151.0,
    150.0,
    152.0,
    151.0,
    152.66666666666666,
    151.33333333333334,
    151.33333333333334,
    151.0,
    150.66666666666666,
    149.33333333333334,
    149.0,
    147.33333333333334,
    146.66666666666666,
    144.0,
    144.0,
    140.66666666666666,
    139.66666666666666,
    135.66666666666666,
    133.66666666666666,
    129.33333333333334,
    127.0,
    121.33333333333333,
    118.33333333333333,
    112.0,
    107.66666666666667,
    102.0,
    99.33333333333333,
    97.66666666666667,
    98.66666666666667,
    102.33333333333333,
    108.0,
    117.0,
    128.0,
    138.66666666666666,
    152.0,
    162.66666666666666,
    176.33333333333334,
    184.0,
    195.33333333333334,
    200.33333333333334,
    209.66666666666666,
    211.0,
    217.66666666666666,
    216.0,
    218.66666666666666,
    213.0,
    212.66666666666666,
    204.66666666666666,
    200.66666666666666,
    191.33333333333334,
    184.33333333333334,
    172.66666666666666,
    163.33333333333334,
    151.0,
    139.66666666666666,
    126.66666666666667,
    115.33333333333333,
    103.66666666666667,
    94.66666666666667,
    89.33333333333333,
    88.0,
    92.0,
    99.0,
    108.33333333333333
  ],
  "flat_top_center_px": 96.80139986369099,
  "flat_top_half_width_px": 15.683581181273228,
  "flat_top_bounds_px": [
    81,
    111
  ],
  "flat_top_mean_intensity": 163.13333333333333,
  "rms_percent": 27.79456784691301,
  "pk_pk_percent": 80.09807928075195,
  "plot_path": "docs/sweep_sheet/1d_ringing_width/flatW_27_plot.png"
}