{
  "flat_top_bounds_px": [
    26,
    118
  ],
  "flat_top_width_px": 92,
  "fit_rms_percent": 20.379685771699165,
  "fit_pk_pk_percent": 74.72537227314085,
  "row_residual_rms": 35.64747386703538,
  "psd_peaks_by_period": {
    "W/1": 819.6184191179783,
    "W/2": 713.0819572152634,
    "W/3": 368.695797013289,
    "W/4": 209.46015546157312,
    "W/5": 183.94574910123617
  },
  "edge_roll_off_10_90_px": 25.0,
  "core_85_width_px": 74,
  "core_85_rms_percent": 3.273510356597054,
  "core_85_pk_pk_percent": 14.370019166750724
}