{
  "after_path": "data/1d_sheet/testfile_1dsheet_after.bmp",
  "roi_bbox_y0y1x0x1": [
    1351,
    1406,
    1525,
    1643
  ],
  "roi_shape_yx": [
    55,
    118
  ],
  "major_is_y": false,
  "profile_length_px": 118,
  "profile_values": [
    64.0,
    66.33333333333333,
    70.33333333333333,
    74.0,
    80.33333333333333,
    84.66666666666667,
    91.33333333333333,
    97.0,
    103.66666666666667,
    109.0,
    116.66666666666667,
    120.0,
    127.33333333333333,
    131.0,
    137.0,
    138.66666666666666,
    144.33333333333334,
    145.0,
    150.0,
    150.0,
    154.0,
    154.66666666666666,
    158.33333333333334,
    158.0,
    162.33333333333334,
    162.0,
    165.66666666666666,
    165.66666666666666,
    169.66666666666666,
    169.66666666666666,
    173.0,
    173.66666666666666,
    176.66666666666666,
    177.33333333333334,
    180.0,
    180.0,
    181.66666666666666,
    182.0,
    184.0,
    182.66666666666666,
    183.66666666666666,
    182.33333333333334,
    183.33333333333334,
    182.33333333333334,
    183.0,
    181.0,
    181.66666666666666,
    180.0,
    180.66666666666666,
    178.33333333333334,
    178.66666666666666,
    176.0,
    176.33333333333334,
    175.66666666666666,
    175.66666666666666,
    174.66666666666666,
    175.66666666666666,
    175.0,
    176.33333333333334,
    176.0,
    177.33333333333334,
    177.0,
    178.0,
    178.0,
    179.0,
    179.33333333333334,
    180.66666666666666,
    179.66666666666666,
    181.0,
    179.66666666666666,
    180.66666666666666,
    180.0,
    180.0,
    179.33333333333334,
    180.0,
    179.33333333333334,
    180.33333333333334,
    180.33333333333334,
    182.33333333333334,
    182.0,
    184.66666666666666,
    184.33333333333334,
    186.33333333333334,
    186.0,
    187.33333333333334,
    186.66666666666666,
    187.66666666666666,
    186.0,
    187.33333333333334,
    184.66666666666666,
    184.66666666666666,
    181.66666666666666,
    181.0,
    178.0,
    175.0,
    170.33333333333334,
    167.0,
    162.33333333333334,
    157.66666666666666,
    152.0,
    147.33333333333334,
    140.66666666666666,
    135.66666666666666,
    129.0,
    123.33333333333333,
    117.0,
    111.33333333333333,
    105.66666666666667,
    100.33333333333333,
    94.66666666666667,
    90.0,
    85.66666666666667,
    81.0,
    77.33333333333333,
    73.66666666666667,
    71.0,
    68.33333333333333,
    65.66666666666667
  ],
  "flat_top_center_px": 79.65046298334542,
  "flat_top_half_width_px": 53.40483280329171,
  "flat_top_bounds_px": [
    26,
    118
  ],
  "flat_top_mean_intensity": 163.2644927536232,
  "rms_percent": 20.379685771699165,
  "pk_pk_percent": 74.72537227314085,
  "plot_path": "docs/sweep_sheet/1d_ringing/edge_2_plot.png"
}