{
  "after_path": "data/1d_sheet/testfile_1dsheet_after.bmp",
  "roi_bbox_y0y1x0x1": [
    1354,
    1405,
    1535,
    1632
  ],
  "roi_shape_yx": [
    51,
    97
  ],
  "major_is_y": false,
  "profile_length_px": 97,
  "profile_values": [
    84.0,
    80.66666666666667,
    78.0,
    80.33333333333333,
    85.33333333333333,
    90.33333333333333,
    98.33333333333333,
    104.33333333333333,
    113.66666666666667,
    118.33333333333333,
    126.66666666666667,
    130.33333333333334,
    137.33333333333334,
    139.0,
    145.33333333333334,
    145.66666666666666,
    151.0,
    151.0,
    155.66666666666666,
    156.66666666666666,
    160.33333333333334,
    160.66666666666666,
    164.0,
    164.0,
    166.66666666666666,
    166.0,
    168.0,
    167.33333333333334,
    169.33333333333334,
    167.0,
    168.66666666666666,
    167.0,
    167.66666666666666,
    166.0,
    167.33333333333334,
    165.33333333333334,
    166.0,
    165.33333333333334,
    166.66666666666666,
    165.66666666666666,
    166.0,
    164.33333333333334,
    164.33333333333334,
    164.0,
    164.0,
    162.33333333333334,
    162.66666666666666,
    160.66666666666666,
    160.33333333333334,
    159.33333333333334,
    158.66666666666666,
    157.33333333333334,
    156.33333333333334,
    154.33333333333334,
    153.66666666666666,
    152.0,
    152.0,
    150.0,
    149.66666666666666,
    148.33333333333334,
    148.66666666666666,
    147.66666666666666,
    148.66666666666666,
    148.66666666666666,
    150.0,
    151.0,
    152.66666666666666,
    153.66666666666666,
    156.66666666666666,
    157.0,
    159.33333333333334,
    159.33333333333334,
    161.0,
    160.33333333333334,
    161.0,
    159.66666666666666,
    159.66666666666666,
    157.33333333333334,
    156.33333333333334,
    152.66666666666666,
    150.33333333333334,
    145.66666666666666,
    142.66666666666666,
    138.0,
    133.66666666666666,
    128.33333333333334,
    123.33333333333333,
    117.33333333333333,
    113.0,
    107.0,
    103.33333333333333,
    98.33333333333333,
    96.0,
    94.0,
    95.66666666666667,
    97.33333333333333,
    102.0
  ],
  "flat_top_center_px": 34.65833636163055,
  "flat_top_half_width_px": 44.83573433119246,
  "flat_top_bounds_px": [
    0,
    79
  ],
  "flat_top_mean_intensity": 149.36708860759495,
  "rms_percent": 15.679295510389775,
  "pk_pk_percent": 61.14689265536723,
  "plot_path": "docs/sweep_sheet/1d_ringing/edge_0_plot.png"
}