{
  "after_path": "data/1d_sheet/testfile_1dsheet_after.bmp",
  "roi_bbox_y0y1x0x1": [
    1351,
    1406,
    1523,
    1648
  ],
  "roi_shape_yx": [
    55,
    125
  ],
  "major_is_y": false,
  "profile_length_px": 125,
  "profile_values": [
    60.0,
    62.333333333333336,
    65.66666666666667,
    69.0,
    72.66666666666667,
    76.0,
    81.33333333333333,
    85.33333333333333,
    90.66666666666667,
    95.66666666666667,
    101.33333333333333,
    106.66666666666667,
    112.33333333333333,
    117.0,
    122.66666666666667,
    126.66666666666667,
    132.33333333333334,
    135.66666666666666,
    141.0,
    143.0,
    147.66666666666666,
    149.33333333333334,
    153.0,
    154.33333333333334,
    157.66666666666666,
    158.33333333333334,
    161.66666666666666,
    162.33333333333334,
    165.0,
    164.66666666666666,
    167.66666666666666,
    167.33333333333334,
    169.0,
    168.66666666666666,
    170.0,
    169.0,
    170.33333333333334,
    168.66666666666666,
    169.33333333333334,
    167.66666666666666,
    169.0,
    166.0,
    167.0,
    165.0,
    166.33333333333334,
    164.66666666666666,
    167.0,
    165.33333333333334,
    167.0,
    166.0,
    167.66666666666666,
    166.33333333333334,
    168.66666666666666,
    167.0,
    168.0,
    168.66666666666666,
    169.66666666666666,
    168.66666666666666,
    170.0,
    169.0,
    171.0,
    170.33333333333334,
    171.66666666666666,
    170.33333333333334,
    172.0,
    170.66666666666666,
    171.66666666666666,
    171.0,
    172.33333333333334,
    170.0,
    172.0,
    170.0,
    171.0,
    169.33333333333334,
    170.33333333333334,
    169.33333333333334,
    170.0,
    169.33333333333334,
    169.33333333333334,
    169.66666666666666,
    171.33333333333334,
    170.33333333333334,
    172.66666666666666,
    171.66666666666666,
    173.33333333333334,
    172.0,
    173.66666666666666,
    172.0,
    173.0,
    171.33333333333334,
    172.33333333333334,
    169.66666666666666,
    170.33333333333334,
    167.0,
    168.0,
    165.0,
    163.66666666666666,
    160.66666666666666,
    159.0,
    155.33333333333334,
    153.0,
    149.0,
    146.66666666666666,
    141.33333333333334,
    138.33333333333334,
    133.33333333333334,
    130.0,
    124.66666666666667,
    121.0,
    116.33333333333333,
    113.0,
    108.0,
    104.33333333333333,
    99.66666666666667,
    96.33333333333333,
    92.33333333333333,
    89.66666666666667,
    85.66666666666667,
    82.66666666666667,
    79.33333333333333,
    76.33333333333333,
    74.0,
    71.33333333333333,
    68.0,
    65.66666666666667
  ],
  "flat_top_center_px": 78.59737451278579,
  "flat_top_half_width_px": 54.57350686758367,
  "flat_top_bounds_px": [
    24,
    125
  ],
  "flat_top_mean_intensity": 152.95049504950495,
  "rms_percent": 19.681621293269725,
  "pk_pk_percent": 70.61108234075607,
  "plot_path": "docs/sweep_sheet/1d_ringing/edge_3_plot.png"
}