{
  "flat_top_bounds_px": [
    0,
    79
  ],
  "flat_top_width_px": 79,
  "fit_rms_percent": 15.679295510389775,
  "fit_pk_pk_percent": 61.14689265536723,
  "row_residual_rms": 28.393412921702588,
  "psd_peaks_by_period": {
    "W/1": 459.94646950035343,
    "W/2": 465.2612714144151,
    "W/3": 270.7695274923653,
    "W/4": 153.78322739139236,
    "W/5": 128.7636669445092
  },
  "edge_roll_off_10_90_px": 17.5,
  "core_85_width_px": 68,
  "core_85_rms_percent": 4.308587227500948,
  "core_85_pk_pk_percent": 15.13633834168058
}