{
  "after_path": "data/1d_sheet/testfile_1dsheet_after.bmp",
  "roi_bbox_y0y1x0x1": [
    1352,
    1406,
    1528,
    1641
  ],
  "roi_shape_yx": [
    54,
    113
  ],
  "major_is_y": false,
  "profile_length_px": 113,
  "profile_values": [
    73.66666666666667,
    77.0,
    80.0,
    84.33333333333333,
    88.0,
    92.0,
    97.33333333333333,
    102.0,
    106.66666666666667,
    112.33333333333333,
    116.66666666666667,
    122.66666666666667,
    125.66666666666667,
    132.33333333333334,
    135.0,
    140.66666666666666,
    143.0,
    149.0,
    151.33333333333334,
    156.66666666666666,
    158.33333333333334,
    164.33333333333334,
    166.33333333333334,
    171.66666666666666,
    174.0,
    179.0,
    181.66666666666666,
    185.0,
    187.33333333333334,
    190.66666666666666,
    192.0,
    194.66666666666666,
    195.33333333333334,
    196.66666666666666,
    196.0,
    197.33333333333334,
    195.66666666666666,
    196.66666666666666,
    194.33333333333334,
    195.66666666666666,
    193.33333333333334,
    195.0,
    192.33333333333334,
    194.0,
    192.66666666666666,
    194.66666666666666,
    192.33333333333334,
    194.0,
    192.0,
    193.33333333333334,
    193.33333333333334,
    194.66666666666666,
    193.33333333333334,
    195.66666666666666,
    194.0,
    196.66666666666666,
    195.66666666666666,
    198.0,
    196.0,
    198.33333333333334,
    197.0,
    198.66666666666666,
    197.66666666666666,
    200.33333333333334,
    198.33333333333334,
    201.0,
    199.0,
    201.66666666666666,
    200.66666666666666,
    202.33333333333334,
    202.66666666666666,
    204.33333333333334,
    204.33333333333334,
    205.66666666666666,
    206.66666666666666,
    208.66666666666666,
    207.66666666666666,
    209.66666666666666,
    208.33333333333334,
    209.0,
    206.33333333333334,
    206.0,
    202.33333333333334,
    201.33333333333334,
    196.66666666666666,
    195.0,
    189.0,
    185.66666666666666,
    179.66666666666666,
    175.33333333333334,
    169.66666666666666,
    164.33333333333334,
    158.0,
    153.0,
    147.33333333333334,
    142.66666666666666,
    136.66666666666666,
    132.66666666666666,
    126.66666666666667,
    122.66666666666667,
    117.33333333333333,
    113.66666666666667,
    109.0,
    105.33333333333333,
    100.33333333333333,
    97.0,
    93.0,
    90.0,
    85.66666666666667,
    82.66666666666667,
    78.66666666666667,
    75.33333333333333,
    72.0
  ],
  "flat_top_center_px": 72.25508655466984,
  "flat_top_half_width_px": 44.68856466590152,
  "flat_top_bounds_px": [
    28,
    113
  ],
  "flat_top_mean_intensity": 175.25098039215686,
  "rms_percent": 22.513620726304612,
  "pk_pk_percent": 78.55400657880016,
  "plot_path": "docs/sweep_sheet/1d_ringing/edge_1_plot.png"
}