{
  "flat_top_bounds_px": [
    28,
    113
  ],
  "flat_top_width_px": 85,
  "fit_rms_percent": 22.513620726304612,
  "fit_pk_pk_percent": 78.55400657880016,
  "row_residual_rms": 38.63222548757464,
  "psd_peaks_by_period": {
    "W/1": 1003.2581553874046,
    "W/2": 658.2637750060069,
    "W/3": 333.16105435668743,
    "W/4": 261.4980886327776,
    "W/5": 206.6506458292505
  },
  "edge_roll_off_10_90_px": 27.5,
  "core_85_width_px": 64,
  "core_85_rms_percent": 3.4044551681154367,
  "core_85_pk_pk_percent": 15.585378120119637
}