{
  "flat_top_bounds_px": [
    24,
    125
  ],
  "flat_top_width_px": 101,
  "fit_rms_percent": 19.681621293269725,
  "fit_pk_pk_percent": 70.61108234075607,
  "row_residual_rms": 32.614496860286465,
  "psd_peaks_by_period": {
    "W/1": 904.8084420092837,
    "W/2": 653.6329022146373,
    "W/3": 387.88769641952285,
    "W/4": 229.47430959416906,
    "W/5": 183.26868259523923
  },
  "edge_roll_off_10_90_px": 25.0,
  "core_85_width_px": 82,
  "core_85_rms_percent": 3.4499980326714588,
  "core_85_pk_pk_percent": 15.568483314266242
}