{
  "after_path": "C:/Users/Galileo/slm_runner/data/sheet/testfile_sheet_after.bmp",
  "cam_pitch_um": 1.85,
  "roi_bbox_y0y1x0x1": [
    1541,
    1592,
    1515,
    1659
  ],
  "roi_shape_yx": [
    51,
    144
  ],
  "roi_size_um_yx": [
    94.35,
    266.4
  ],
  "major_is_y": false,
  "profile_length_px": 144,
  "profile_values": [
    60.666666666666664,
    62.333333333333336,
    64.66666666666667,
    67.66666666666667,
    71.66666666666667,
    74.66666666666667,
    80.0,
    83.0,
    88.0,
    90.66666666666667,
    96.33333333333333,
    99.0,
    104.0,
    107.66666666666667,
    111.66666666666667,
    113.0,
    117.33333333333333,
    118.66666666666667,
    122.0,
    123.33333333333333,
    125.33333333333333,
    125.33333333333333,
    127.33333333333333,
    127.66666666666667,
    129.33333333333334,
    128.66666666666666,
    130.33333333333334,
    129.66666666666666,
    131.33333333333334,
    131.0,
    132.33333333333334,
    132.33333333333334,
    133.66666666666666,
    133.33333333333334,
    134.66666666666666,
    135.0,
    136.0,
    136.66666666666666,
    138.0,
    138.0,
    139.33333333333334,
    139.0,
    140.66666666666666,
    140.0,
    142.0,
    141.0,
    142.66666666666666,
    141.33333333333334,
    143.66666666666666,
    141.66666666666666,
    143.33333333333334,
    142.0,
    144.66666666666666,
    142.66666666666666,
    145.0,
    143.66666666666666,
    145.66666666666666,
    144.33333333333334,
    146.66666666666666,
    145.0,
    146.66666666666666,
    145.66666666666666,
    146.66666666666666,
    146.33333333333334,
    147.33333333333334,
    146.66666666666666,
    147.33333333333334,
    146.66666666666666,
    147.66666666666666,
    146.66666666666666,
    148.33333333333334,
    146.66666666666666,
    147.33333333333334,
    145.66666666666666,
    147.0,
    146.0,
    146.33333333333334,
    145.66666666666666,
    146.33333333333334,
    145.66666666666666,
    146.66666666666666,
    146.0,
    147.0,
    146.0,
    145.66666666666666,
    145.33333333333334,
    145.66666666666666,
    145.0,
    146.66666666666666,
    145.0,
    146.33333333333334,
    146.0,
    147.33333333333334,
    146.0,
    147.66666666666666,
    146.66666666666666,
    148.0,
    146.33333333333334,
    148.33333333333334,
    146.33333333333334,
    148.0,
    145.66666666666666,
    146.0,
    145.0,
    144.66666666666666,
    143.0,
    142.0,
    140.66666666666666,
    139.66666666666666,
    138.0,
    137.66666666666666,
    135.0,
    135.66666666666666,
    134.0,
    134.0,
    132.33333333333334,
    132.66666666666666,
    130.33333333333334,
    130.33333333333334,
    128.33333333333334,
    128.33333333333334,
    125.66666666666667,
    126.0,
    123.33333333333333,
    122.33333333333333,
    120.33333333333333,
    118.66666666666667,
    116.0,
    114.0,
    111.0,
    108.33333333333333,
    104.0,
    100.66666666666667,
    96.0,
    92.66666666666667,
    88.0,
    83.33333333333333,
    78.33333333333333,
    74.33333333333333,
    69.0,
    65.33333333333333,
    62.0,
    59.333333333333336,
    57.333333333333336
  ],
  "profile_slice_minor_px": [
    23,
    26
  ],
  "profile_slice_minor_um": [
    42.55,
    48.1
  ],
  "flat_top_center_px": 71.44630404300291,
  "flat_top_half_width_px": 30.111228838314442,
  "flat_top_bounds_px": [
    41,
    102
  ],
  "flat_top_width_um": 112.85,
  "flat_top_mean_intensity": 145.39890710382514,
  "rms_percent": 1.4675447785093776,
  "pk_pk_percent": 6.419122068550818,
  "plot_path": "C:\\Users\\Galileo\\slm_runner\\data\\sheet\\testfile_sheet_analysis.png"
}