{
  "after_path": "C:/Users/Galileo/slm_runner/data/sheet/testfile_sheet_after.bmp",
  "cam_pitch_um": 1.85,
  "roi_bbox_y0y1x0x1": [
    1540,
    1593,
    1516,
    1658
  ],
  "roi_shape_yx": [
    53,
    142
  ],
  "roi_size_um_yx": [
    98.05,
    262.7
  ],
  "major_is_y": false,
  "profile_length_px": 142,
  "profile_values": [
    63.333333333333336,
    65.66666666666667,
    67.33333333333333,
    70.66666666666667,
    73.66666666666667,
    78.0,
    81.0,
    86.66666666666667,
    89.66666666666667,
    94.66666666666667,
    98.0,
    103.33333333333333,
    106.66666666666667,
    111.33333333333333,
    113.66666666666667,
    117.33333333333333,
    120.0,
    122.66666666666667,
    124.0,
    126.0,
    126.33333333333333,
    128.0,
    128.0,
    129.33333333333334,
    129.0,
    130.33333333333334,
    129.0,
    130.0,
    129.66666666666666,
    130.33333333333334,
    130.66666666666666,
    132.0,
    131.33333333333334,
    132.33333333333334,
    132.33333333333334,
    134.33333333333334,
    134.0,
    135.66666666666666,
    136.0,
    136.66666666666666,
    137.0,
    139.0,
    138.33333333333334,
    140.0,
    140.0,
    142.0,
    140.66666666666666,
    142.66666666666666,
    141.0,
    142.33333333333334,
    142.0,
    143.33333333333334,
    142.0,
    143.66666666666666,
    143.0,
    144.66666666666666,
    142.66666666666666,
    145.0,
    143.66666666666666,
    145.0,
    144.0,
    145.0,
    144.0,
    145.66666666666666,
    144.66666666666666,
    145.66666666666666,
    144.33333333333334,
    146.33333333333334,
    145.0,
    146.0,
    144.66666666666666,
    145.66666666666666,
    144.66666666666666,
    145.0,
    144.0,
    145.0,
    144.0,
    145.0,
    144.0,
    145.0,
    144.0,
    145.66666666666666,
    144.33333333333334,
    144.33333333333334,
    143.66666666666666,
    144.0,
    143.66666666666666,
    144.66666666666666,
    143.33333333333334,
    145.33333333333334,
    144.33333333333334,
    145.66666666666666,
    144.66666666666666,
    146.0,
    144.0,
    146.33333333333334,
    144.0,
    145.66666666666666,
    143.66666666666666,
    145.0,
    142.66666666666666,
    143.33333333333334,
    142.33333333333334,
    142.0,
    141.0,
    140.33333333333334,
    139.0,
    138.66666666666666,
    137.0,
    136.66666666666666,
    135.0,
    134.66666666666666,
    133.33333333333334,
    133.66666666666666,
    132.0,
    132.66666666666666,
    130.33333333333334,
    131.33333333333334,
    129.0,
    128.33333333333334,
    126.66666666666667,
    127.0,
    123.33333333333333,
    122.66666666666667,
    120.0,
    118.66666666666667,
    115.0,
    112.33333333333333,
    109.0,
    105.66666666666667,
    101.33333333333333,
    98.33333333333333,
    93.33333333333333,
    89.66666666666667,
    85.66666666666667,
    81.33333333333333,
    77.0,
    73.0,
    68.33333333333333,
    65.33333333333333,
    62.666666666666664,
    60.666666666666664
  ],
  "profile_slice_minor_px": [
    24,
    27
  ],
  "profile_slice_minor_um": [
    44.4,
    49.95
  ],
  "flat_top_center_px": 70.38168139788213,
  "flat_top_half_width_px": 31.787028872147502,
  "flat_top_bounds_px": [
    39,
    102
  ],
  "flat_top_width_um": 116.55,
  "flat_top_mean_intensity": 143.66137566137562,
  "rms_percent": 1.460166375175471,
  "pk_pk_percent": 6.728786093105495,
  "plot_path": "C:\\Users\\Galileo\\slm_runner\\data\\sheet\\testfile_sheet_analysis.png"
}