{
  "after_path": "C:/Users/Galileo/slm_runner/data/sheet/testfile_sheet_after.bmp",
  "cam_pitch_um": 1.85,
  "roi_bbox_y0y1x0x1": [
    1541,
    1591,
    1515,
    1659
  ],
  "roi_shape_yx": [
    50,
    144
  ],
  "roi_size_um_yx": [
    92.5,
    266.4
  ],
  "major_is_y": false,
  "profile_length_px": 144,
  "profile_values": [
    60.0,
    62.0,
    65.0,
    67.66666666666667,
    72.33333333333333,
    75.0,
    80.33333333333333,
    83.66666666666667,
    89.0,
    91.66666666666667,
    96.33333333333333,
    99.33333333333333,
    104.66666666666667,
    108.0,
    111.66666666666667,
    114.0,
    117.33333333333333,
    119.66666666666667,
    122.33333333333333,
    123.33333333333333,
    125.33333333333333,
    126.0,
    127.66666666666667,
    128.33333333333334,
    129.66666666666666,
    129.66666666666666,
    131.0,
    131.0,
    132.33333333333334,
    132.0,
    133.0,
    133.33333333333334,
    135.33333333333334,
    134.66666666666666,
    136.33333333333334,
    136.0,
    137.66666666666666,
    137.66666666666666,
    139.33333333333334,
    139.0,
    140.33333333333334,
    140.33333333333334,
    141.0,
    141.0,
    143.0,
    142.0,
    143.66666666666666,
    142.33333333333334,
    144.33333333333334,
    142.33333333333334,
    144.33333333333334,
    143.33333333333334,
    145.33333333333334,
    143.33333333333334,
    145.66666666666666,
    144.66666666666666,
    146.66666666666666,
    145.66666666666666,
    147.66666666666666,
    146.0,
    148.0,
    147.0,
    148.0,
    147.66666666666666,
    148.33333333333334,
    147.66666666666666,
    148.66666666666666,
    147.66666666666666,
    149.0,
    148.0,
    149.33333333333334,
    148.0,
    148.33333333333334,
    147.66666666666666,
    148.33333333333334,
    146.66666666666666,
    148.0,
    146.66666666666666,
    147.66666666666666,
    146.66666666666666,
    147.33333333333334,
    147.0,
    148.33333333333334,
    147.0,
    147.0,
    146.66666666666666,
    147.0,
    146.33333333333334,
    148.0,
    146.0,
    147.66666666666666,
    147.0,
    149.0,
    147.33333333333334,
    148.66666666666666,
    147.66666666666666,
    149.33333333333334,
    147.66666666666666,
    149.33333333333334,
    147.66666666666666,
    149.33333333333334,
    147.0,
    148.0,
    147.0,
    146.0,
    144.66666666666666,
    143.66666666666666,
    142.33333333333334,
    141.66666666666666,
    140.0,
    139.66666666666666,
    137.0,
    136.66666666666666,
    135.0,
    135.33333333333334,
    133.33333333333334,
    133.0,
    131.0,
    131.33333333333334,
    129.0,
    129.33333333333334,
    126.66666666666667,
    127.0,
    124.0,
    123.33333333333333,
    121.33333333333333,
    120.0,
    116.66666666666667,
    115.0,
    111.66666666666667,
    109.33333333333333,
    105.0,
    102.0,
    97.0,
    93.33333333333333,
    88.33333333333333,
    84.33333333333333,
    79.33333333333333,
    74.0,
    69.0,
    66.0,
    62.333333333333336,
    58.666666666666664,
    57.333333333333336
  ],
  "profile_slice_minor_px": [
    23,
    26
  ],
  "profile_slice_minor_um": [
    42.55,
    48.1
  ],
  "flat_top_center_px": 71.49403917668911,
  "flat_top_half_width_px": 30.11405564154259,
  "flat_top_bounds_px": [
    41,
    102
  ],
  "flat_top_width_um": 112.85,
  "flat_top_mean_intensity": 146.53005464480876,
  "rms_percent": 1.5326017228119624,
  "pk_pk_percent": 6.142084654111504,
  "plot_path": "C:\\Users\\Galileo\\slm_runner\\data\\sheet\\testfile_sheet_analysis.png"
}