{
  "after_path": "C:/Users/Galileo/slm_runner/data/sheet/testfile_sheet_after.bmp",
  "cam_pitch_um": 1.85,
  "roi_bbox_y0y1x0x1": [
    1542,
    1590,
    1515,
    1658
  ],
  "roi_shape_yx": [
    48,
    143
  ],
  "roi_size_um_yx": [
    88.8,
    264.55
  ],
  "major_is_y": false,
  "profile_length_px": 143,
  "profile_values": [
    63.666666666666664,
    66.33333333333333,
    70.66666666666667,
    73.66666666666667,
    78.66666666666667,
    82.66666666666667,
    88.0,
    91.66666666666667,
    97.66666666666667,
    101.0,
    106.66666666666667,
    109.66666666666667,
    115.0,
    117.66666666666667,
    122.33333333333333,
    124.0,
    128.33333333333334,
    130.33333333333334,
    133.0,
    134.0,
    136.33333333333334,
    137.66666666666666,
    140.0,
    140.66666666666666,
    142.33333333333334,
    142.66666666666666,
    144.66666666666666,
    144.0,
    145.66666666666666,
    146.0,
    147.33333333333334,
    147.33333333333334,
    149.33333333333334,
    149.0,
    150.33333333333334,
    150.66666666666666,
    152.33333333333334,
    151.66666666666666,
    153.66666666666666,
    153.0,
    153.66666666666666,
    153.66666666666666,
    155.0,
    154.0,
    156.0,
    155.66666666666666,
    157.0,
    155.33333333333334,
    157.0,
    155.0,
    157.0,
    155.66666666666666,
    158.66666666666666,
    156.0,
    158.66666666666666,
    157.66666666666666,
    160.0,
    158.33333333333334,
    161.0,
    159.66666666666666,
    160.66666666666666,
    160.0,
    161.0,
    160.66666666666666,
    161.33333333333334,
    161.0,
    162.0,
    160.0,
    162.0,
    160.0,
    161.33333333333334,
    160.0,
    160.66666666666666,
    159.66666666666666,
    160.33333333333334,
    158.33333333333334,
    160.0,
    158.66666666666666,
    160.0,
    158.66666666666666,
    160.0,
    159.33333333333334,
    160.0,
    159.0,
    159.33333333333334,
    158.66666666666666,
    159.66666666666666,
    159.0,
    160.66666666666666,
    158.33333333333334,
    160.66666666666666,
    159.66666666666666,
    161.33333333333334,
    159.33333333333334,
    160.66666666666666,
    159.66666666666666,
    161.0,
    158.66666666666666,
    160.33333333333334,
    158.66666666666666,
    160.33333333333334,
    158.33333333333334,
    159.0,
    157.33333333333334,
    157.66666666666666,
    156.33333333333334,
    155.66666666666666,
    154.0,
    153.0,
    151.0,
    151.0,
    148.0,
    148.33333333333334,
    146.33333333333334,
    146.33333333333334,
    144.33333333333334,
    145.0,
    143.0,
    143.0,
    140.66666666666666,
    140.66666666666666,
    138.66666666666666,
    138.33333333333334,
    135.0,
    134.66666666666666,
    132.0,
    130.33333333333334,
    127.0,
    124.0,
    120.66666666666667,
    117.33333333333333,
    113.0,
    109.0,
    103.33333333333333,
    99.66666666666667,
    93.66666666666667,
    89.66666666666667,
    83.33333333333333,
    78.0,
    72.66666666666667,
    68.33333333333333,
    64.33333333333333,
    61.666666666666664
  ],
  "profile_slice_minor_px": [
    22,
    25
  ],
  "profile_slice_minor_um": [
    40.7,
    46.25
  ],
  "flat_top_center_px": 71.14645452971666,
  "flat_top_half_width_px": 31.791029124681277,
  "flat_top_bounds_px": [
    39,
    103
  ],
  "flat_top_width_um": 118.4,
  "flat_top_mean_intensity": 158.84375,
  "rms_percent": 1.3680377741958576,
  "pk_pk_percent": 5.665945307889042,
  "plot_path": "C:\\Users\\Galileo\\slm_runner\\data\\sheet\\testfile_sheet_analysis.png"
}