{
  "after_path": "C:/Users/Galileo/slm_runner/data/sheet/testfile_sheet_after.bmp",
  "cam_pitch_um": 1.85,
  "roi_bbox_y0y1x0x1": [
    1538,
    1596,
    1515,
    1658
  ],
  "roi_shape_yx": [
    58,
    143
  ],
  "roi_size_um_yx": [
    107.3,
    264.55
  ],
  "major_is_y": false,
  "profile_length_px": 143,
  "profile_values": [
    70.0,
    70.0,
    70.66666666666667,
    72.0,
    74.66666666666667,
    77.0,
    81.0,
    84.0,
    89.33333333333333,
    93.0,
    99.0,
    102.0,
    108.0,
    111.33333333333333,
    117.0,
    120.0,
    124.33333333333333,
    127.0,
    130.33333333333334,
    131.33333333333334,
    133.66666666666666,
    134.33333333333334,
    136.33333333333334,
    136.33333333333334,
    137.33333333333334,
    136.66666666666666,
    138.0,
    137.0,
    137.66666666666666,
    137.0,
    137.33333333333334,
    137.33333333333334,
    138.66666666666666,
    138.0,
    139.0,
    139.0,
    140.33333333333334,
    141.0,
    142.0,
    142.33333333333334,
    143.33333333333334,
    144.0,
    145.33333333333334,
    145.33333333333334,
    147.0,
    147.0,
    148.33333333333334,
    147.66666666666666,
    149.66666666666666,
    147.66666666666666,
    149.0,
    148.0,
    149.66666666666666,
    148.0,
    149.66666666666666,
    148.33333333333334,
    149.66666666666666,
    148.0,
    150.0,
    148.33333333333334,
    149.33333333333334,
    148.33333333333334,
    149.33333333333334,
    148.33333333333334,
    149.33333333333334,
    148.66666666666666,
    149.33333333333334,
    148.66666666666666,
    150.0,
    148.66666666666666,
    150.33333333333334,
    149.0,
    150.0,
    149.66666666666666,
    150.0,
    149.0,
    150.33333333333334,
    149.66666666666666,
    150.66666666666666,
    150.0,
    150.66666666666666,
    150.66666666666666,
    151.66666666666666,
    150.66666666666666,
    151.0,
    150.66666666666666,
    151.0,
    149.66666666666666,
    151.0,
    149.33333333333334,
    151.0,
    149.33333333333334,
    150.66666666666666,
    149.0,
    149.33333333333334,
    148.0,
    149.0,
    147.66666666666666,
    148.66666666666666,
    146.66666666666666,
    147.66666666666666,
    145.33333333333334,
    146.33333333333334,
    145.33333333333334,
    145.33333333333334,
    144.66666666666666,
    144.33333333333334,
    143.0,
    143.33333333333334,
    141.66666666666666,
    142.33333333333334,
    140.66666666666666,
    141.33333333333334,
    140.0,
    141.33333333333334,
    140.33333333333334,
    141.0,
    139.33333333333334,
    139.33333333333334,
    137.0,
    136.66666666666666,
    133.66666666666666,
    133.66666666666666,
    129.0,
    127.66666666666667,
    124.0,
    120.66666666666667,
    117.0,
    113.66666666666667,
    109.33333333333333,
    105.0,
    100.66666666666667,
    95.66666666666667,
    91.33333333333333,
    88.0,
    83.33333333333333,
    79.66666666666667,
    75.33333333333333,
    72.0,
    68.33333333333333,
    66.0,
    64.0,
    63.666666666666664
  ],
  "profile_slice_minor_px": [
    26,
    29
  ],
  "profile_slice_minor_um": [
    48.1,
    53.65
  ],
  "flat_top_center_px": 70.69990957015301,
  "flat_top_half_width_px": 34.02535993381081,
  "flat_top_bounds_px": [
    37,
    105
  ],
  "flat_top_width_um": 125.8,
  "flat_top_mean_intensity": 148.43627450980398,
  "rms_percent": 1.5212386814358259,
  "pk_pk_percent": 7.186024239622196,
  "plot_path": "C:\\Users\\Galileo\\slm_runner\\data\\sheet\\testfile_sheet_analysis.png"
}