{
  "after_path": "C:/Users/Galileo/slm_runner/data/sheet/testfile_sheet_after.bmp",
  "cam_pitch_um": 1.85,
  "roi_bbox_y0y1x0x1": [
    1542,
    1590,
    1515,
    1658
  ],
  "roi_shape_yx": [
    48,
    143
  ],
  "roi_size_um_yx": [
    88.8,
    264.55
  ],
  "major_is_y": false,
  "profile_length_px": 143,
  "profile_values": [
    62.0,
    63.666666666666664,
    67.33333333333333,
    70.33333333333333,
    75.0,
    78.33333333333333,
    84.0,
    87.33333333333333,
    92.0,
    95.66666666666667,
    101.0,
    103.66666666666667,
    108.66666666666667,
    111.33333333333333,
    115.66666666666667,
    117.66666666666667,
    121.0,
    124.0,
    126.33333333333333,
    127.0,
    129.66666666666666,
    130.33333333333334,
    132.33333333333334,
    132.66666666666666,
    134.33333333333334,
    134.33333333333334,
    136.33333333333334,
    135.66666666666666,
    137.33333333333334,
    137.33333333333334,
    138.33333333333334,
    138.33333333333334,
    140.0,
    140.0,
    141.33333333333334,
    141.0,
    143.0,
    142.66666666666666,
    144.33333333333334,
    144.0,
    145.0,
    145.33333333333334,
    145.66666666666666,
    145.33333333333334,
    146.66666666666666,
    146.33333333333334,
    147.66666666666666,
    146.33333333333334,
    148.0,
    146.0,
    148.33333333333334,
    147.0,
    149.0,
    146.66666666666666,
    149.66666666666666,
    148.33333333333334,
    150.33333333333334,
    148.66666666666666,
    151.33333333333334,
    149.33333333333334,
    151.33333333333334,
    150.33333333333334,
    151.66666666666666,
    150.33333333333334,
    151.33333333333334,
    150.66666666666666,
    151.66666666666666,
    150.0,
    152.0,
    150.66666666666666,
    152.0,
    149.66666666666666,
    151.0,
    150.0,
    151.0,
    149.66666666666666,
    150.33333333333334,
    149.0,
    150.33333333333334,
    149.33333333333334,
    150.33333333333334,
    150.33333333333334,
    151.0,
    150.0,
    150.0,
    149.66666666666666,
    150.0,
    149.0,
    150.33333333333334,
    148.66666666666666,
    150.33333333333334,
    149.66666666666666,
    151.33333333333334,
    149.66666666666666,
    150.66666666666666,
    149.66666666666666,
    151.0,
    149.33333333333334,
    151.0,
    149.0,
    150.66666666666666,
    148.33333333333334,
    149.33333333333334,
    148.33333333333334,
    147.66666666666666,
    147.0,
    146.33333333333334,
    145.0,
    144.33333333333334,
    142.33333333333334,
    142.33333333333334,
    139.66666666666666,
    139.66666666666666,
    137.66666666666666,
    138.33333333333334,
    136.33333333333334,
    136.66666666666666,
    134.66666666666666,
    135.0,
    132.66666666666666,
    132.66666666666666,
    130.0,
    130.33333333333334,
    126.66666666666667,
    126.66666666666667,
    123.66666666666667,
    122.33333333333333,
    119.66666666666667,
    117.0,
    114.0,
    111.0,
    106.33333333333333,
    102.66666666666667,
    98.0,
    94.33333333333333,
    89.0,
    84.66666666666667,
    79.33333333333333,
    74.66666666666667,
    69.33333333333333,
    65.33333333333333,
    61.666666666666664,
    59.0
  ],
  "profile_slice_minor_px": [
    22,
    25
  ],
  "profile_slice_minor_um": [
    40.7,
    46.25
  ],
  "flat_top_center_px": 71.10026471462825,
  "flat_top_half_width_px": 31.97154072060531,
  "flat_top_bounds_px": [
    39,
    103
  ],
  "flat_top_width_um": 118.4,
  "flat_top_mean_intensity": 149.32291666666669,
  "rms_percent": 1.2540973784369975,
  "pk_pk_percent": 5.357516567840948,
  "plot_path": "C:\\Users\\Galileo\\slm_runner\\data\\sheet\\testfile_sheet_analysis.png"
}