{
  "after_path": "C:/Users/Galileo/slm_runner/data/sheet/testfile_sheet_after.bmp",
  "cam_pitch_um": 1.85,
  "roi_bbox_y0y1x0x1": [
    1539,
    1594,
    1515,
    1658
  ],
  "roi_shape_yx": [
    55,
    143
  ],
  "roi_size_um_yx": [
    101.75,
    264.55
  ],
  "major_is_y": false,
  "profile_length_px": 143,
  "profile_values": [
    68.66666666666667,
    68.66666666666667,
    70.33333333333333,
    71.33333333333333,
    75.0,
    77.33333333333333,
    81.33333333333333,
    84.66666666666667,
    90.33333333333333,
    93.66666666666667,
    99.33333333333333,
    103.0,
    109.0,
    112.33333333333333,
    117.66666666666667,
    120.0,
    124.33333333333333,
    127.33333333333333,
    130.33333333333334,
    131.66666666666666,
    133.66666666666666,
    134.66666666666666,
    136.0,
    136.33333333333334,
    136.66666666666666,
    136.33333333333334,
    137.66666666666666,
    137.0,
    137.66666666666666,
    137.0,
    138.0,
    137.33333333333334,
    138.66666666666666,
    137.66666666666666,
    139.33333333333334,
    138.66666666666666,
    140.66666666666666,
    140.66666666666666,
    142.33333333333334,
    142.33333333333334,
    143.33333333333334,
    144.0,
    145.66666666666666,
    145.0,
    146.66666666666666,
    147.0,
    148.66666666666666,
    147.66666666666666,
    149.0,
    147.33333333333334,
    149.0,
    148.0,
    149.66666666666666,
    148.33333333333334,
    149.66666666666666,
    148.66666666666666,
    149.66666666666666,
    148.66666666666666,
    150.33333333333334,
    148.66666666666666,
    150.0,
    148.66666666666666,
    149.33333333333334,
    148.66666666666666,
    149.66666666666666,
    148.66666666666666,
    150.0,
    148.66666666666666,
    150.33333333333334,
    148.66666666666666,
    150.33333333333334,
    149.33333333333334,
    150.0,
    149.0,
    150.33333333333334,
    148.66666666666666,
    149.66666666666666,
    149.0,
    150.66666666666666,
    150.0,
    150.66666666666666,
    150.0,
    151.33333333333334,
    149.66666666666666,
    150.0,
    149.33333333333334,
    149.66666666666666,
    149.0,
    150.33333333333334,
    148.33333333333334,
    149.66666666666666,
    148.66666666666666,
    149.66666666666666,
    148.0,
    149.0,
    147.33333333333334,
    148.33333333333334,
    146.66666666666666,
    148.33333333333334,
    146.0,
    148.0,
    146.0,
    147.0,
    145.66666666666666,
    145.33333333333334,
    145.0,
    144.0,
    143.33333333333334,
    143.33333333333334,
    142.0,
    142.33333333333334,
    140.66666666666666,
    141.33333333333334,
    140.0,
    140.66666666666666,
    139.0,
    140.0,
    138.33333333333334,
    138.33333333333334,
    136.0,
    136.33333333333334,
    133.33333333333334,
    133.0,
    129.0,
    127.66666666666667,
    124.33333333333333,
    121.33333333333333,
    117.33333333333333,
    114.33333333333333,
    109.66666666666667,
    106.33333333333333,
    101.33333333333333,
    97.33333333333333,
    92.66666666666667,
    89.0,
    84.66666666666667,
    80.33333333333333,
    76.0,
    72.0,
    68.33333333333333,
    65.33333333333333,
    63.333333333333336,
    62.0
  ],
  "profile_slice_minor_px": [
    25,
    28
  ],
  "profile_slice_minor_um": [
    46.25,
    51.8
  ],
  "flat_top_center_px": 70.70421431671866,
  "flat_top_half_width_px": 34.32223770402415,
  "flat_top_bounds_px": [
    36,
    105
  ],
  "flat_top_width_um": 127.65,
  "flat_top_mean_intensity": 148.15458937198068,
  "rms_percent": 1.5581093574153257,
  "pk_pk_percent": 7.199686970131746,
  "plot_path": "C:\\Users\\Galileo\\slm_runner\\data\\sheet\\testfile_sheet_analysis.png"
}