{
  "after_path": "C:/Users/Galileo/slm_runner/data/sheet/testfile_sheet_after.bmp",
  "cam_pitch_um": 1.85,
  "roi_bbox_y0y1x0x1": [
    1540,
    1593,
    1515,
    1659
  ],
  "roi_shape_yx": [
    53,
    144
  ],
  "roi_size_um_yx": [
    98.05,
    266.4
  ],
  "major_is_y": false,
  "profile_length_px": 144,
  "profile_values": [
    61.666666666666664,
    62.333333333333336,
    65.33333333333333,
    67.0,
    70.66666666666667,
    73.33333333333333,
    78.0,
    82.0,
    86.33333333333333,
    90.0,
    94.66666666666667,
    98.0,
    103.66666666666667,
    106.66666666666667,
    110.66666666666667,
    113.0,
    117.33333333333333,
    119.33333333333333,
    122.33333333333333,
    123.0,
    125.33333333333333,
    125.66666666666667,
    127.33333333333333,
    127.66666666666667,
    128.66666666666666,
    128.33333333333334,
    129.33333333333334,
    128.66666666666666,
    129.66666666666666,
    129.0,
    130.0,
    130.33333333333334,
    131.33333333333334,
    131.0,
    132.0,
    132.33333333333334,
    134.33333333333334,
    133.66666666666666,
    135.66666666666666,
    135.66666666666666,
    137.0,
    136.66666666666666,
    138.0,
    138.33333333333334,
    139.66666666666666,
    139.33333333333334,
    141.0,
    139.66666666666666,
    141.66666666666666,
    140.0,
    142.0,
    140.66666666666666,
    142.66666666666666,
    141.33333333333334,
    143.66666666666666,
    142.33333333333334,
    143.66666666666666,
    142.66666666666666,
    144.33333333333334,
    143.0,
    144.33333333333334,
    143.33333333333334,
    144.33333333333334,
    143.66666666666666,
    145.33333333333334,
    143.66666666666666,
    145.0,
    143.66666666666666,
    145.0,
    144.0,
    145.66666666666666,
    144.0,
    144.66666666666666,
    143.33333333333334,
    145.0,
    143.66666666666666,
    144.33333333333334,
    143.33333333333334,
    143.66666666666666,
    143.0,
    144.33333333333334,
    143.66666666666666,
    144.0,
    143.0,
    143.0,
    143.0,
    143.33333333333334,
    142.0,
    143.66666666666666,
    142.33333333333334,
    143.66666666666666,
    143.0,
    144.66666666666666,
    143.0,
    144.66666666666666,
    143.66666666666666,
    145.33333333333334,
    143.33333333333334,
    145.0,
    143.0,
    144.33333333333334,
    142.0,
    142.66666666666666,
    141.66666666666666,
    141.33333333333334,
    140.0,
    139.33333333333334,
    138.0,
    137.66666666666666,
    135.66666666666666,
    135.66666666666666,
    133.33333333333334,
    133.66666666666666,
    132.66666666666666,
    132.66666666666666,
    130.66666666666666,
    131.33333333333334,
    129.0,
    129.66666666666666,
    128.0,
    127.0,
    125.33333333333333,
    125.0,
    122.0,
    121.33333333333333,
    119.33333333333333,
    117.0,
    114.66666666666667,
    112.0,
    108.33333333333333,
    106.0,
    101.33333333333333,
    98.33333333333333,
    93.66666666666667,
    89.66666666666667,
    85.33333333333333,
    81.0,
    76.33333333333333,
    72.66666666666667,
    67.66666666666667,
    64.66666666666667,
    61.333333333333336,
    59.333333333333336,
    57.666666666666664
  ],
  "profile_slice_minor_px": [
    24,
    27
  ],
  "profile_slice_minor_um": [
    44.4,
    49.95
  ],
  "flat_top_center_px": 71.2799531057637,
  "flat_top_half_width_px": 31.419362010572616,
  "flat_top_bounds_px": [
    40,
    103
  ],
  "flat_top_width_um": 116.55,
  "flat_top_mean_intensity": 142.87830687830686,
  "rms_percent": 1.3838408638122068,
  "pk_pk_percent": 6.299066804917791,
  "plot_path": "C:\\Users\\Galileo\\slm_runner\\data\\sheet\\testfile_sheet_analysis.png"
}