{
  "after_path": "C:/Users/Galileo/slm_runner/data/sheet/testfile_sheet_after.bmp",
  "cam_pitch_um": 1.85,
  "roi_bbox_y0y1x0x1": [
    1541,
    1592,
    1515,
    1658
  ],
  "roi_shape_yx": [
    51,
    143
  ],
  "roi_size_um_yx": [
    94.35,
    264.55
  ],
  "major_is_y": false,
  "profile_length_px": 143,
  "profile_values": [
    61.333333333333336,
    62.666666666666664,
    65.0,
    67.66666666666667,
    71.33333333333333,
    74.66666666666667,
    79.33333333333333,
    83.0,
    88.0,
    90.66666666666667,
    96.33333333333333,
    99.0,
    104.0,
    107.0,
    112.0,
    113.33333333333333,
    117.33333333333333,
    119.0,
    122.0,
    123.0,
    124.66666666666667,
    125.33333333333333,
    127.33333333333333,
    127.66666666666667,
    128.66666666666666,
    128.33333333333334,
    129.66666666666666,
    129.0,
    130.0,
    129.66666666666666,
    130.66666666666666,
    131.0,
    132.0,
    132.0,
    133.66666666666666,
    133.66666666666666,
    135.33333333333334,
    135.0,
    136.66666666666666,
    136.33333333333334,
    137.66666666666666,
    137.66666666666666,
    139.0,
    138.66666666666666,
    140.66666666666666,
    140.0,
    142.0,
    140.0,
    142.33333333333334,
    140.0,
    142.0,
    141.0,
    143.66666666666666,
    141.66666666666666,
    143.33333333333334,
    142.66666666666666,
    144.33333333333334,
    143.33333333333334,
    145.0,
    143.33333333333334,
    144.33333333333334,
    143.66666666666666,
    145.0,
    144.33333333333334,
    145.33333333333334,
    144.66666666666666,
    145.66666666666666,
    144.33333333333334,
    145.66666666666666,
    144.66666666666666,
    146.0,
    144.66666666666666,
    145.66666666666666,
    143.66666666666666,
    145.0,
    143.66666666666666,
    145.0,
    143.33333333333334,
    144.33333333333334,
    143.66666666666666,
    144.33333333333334,
    144.0,
    145.0,
    144.0,
    143.0,
    143.0,
    143.66666666666666,
    143.0,
    144.66666666666666,
    142.66666666666666,
    144.66666666666666,
    143.66666666666666,
    145.33333333333334,
    144.0,
    145.33333333333334,
    144.33333333333334,
    145.66666666666666,
    144.0,
    146.0,
    143.33333333333334,
    145.33333333333334,
    142.66666666666666,
    143.33333333333334,
    142.0,
    142.0,
    141.0,
    140.33333333333334,
    138.66666666666666,
    137.66666666666666,
    136.0,
    135.66666666666666,
    134.0,
    134.66666666666666,
    132.66666666666666,
    132.66666666666666,
    131.0,
    131.33333333333334,
    129.0,
    130.33333333333334,
    127.33333333333333,
    127.33333333333333,
    125.33333333333333,
    125.33333333333333,
    122.0,
    121.33333333333333,
    119.33333333333333,
    117.66666666666667,
    114.66666666666667,
    112.33333333333333,
    109.33333333333333,
    106.0,
    102.0,
    99.0,
    94.0,
    90.66666666666667,
    86.0,
    82.0,
    76.33333333333333,
    72.66666666666667,
    68.33333333333333,
    64.66666666666667,
    61.333333333333336,
    58.666666666666664
  ],
  "profile_slice_minor_px": [
    23,
    26
  ],
  "profile_slice_minor_um": [
    42.55,
    48.1
  ],
  "flat_top_center_px": 71.22950445148922,
  "flat_top_half_width_px": 31.209589241752155,
  "flat_top_bounds_px": [
    40,
    102
  ],
  "flat_top_width_um": 114.7,
  "flat_top_mean_intensity": 143.4301075268817,
  "rms_percent": 1.3814697663635562,
  "pk_pk_percent": 5.81003073693681,
  "plot_path": "C:\\Users\\Galileo\\slm_runner\\data\\sheet\\testfile_sheet_analysis.png"
}