{
  "after_path": "C:/Users/Galileo/slm_runner/data/sheet/testfile_sheet_after.bmp",
  "cam_pitch_um": 1.85,
  "roi_bbox_y0y1x0x1": [
    1539,
    1594,
    1515,
    1658
  ],
  "roi_shape_yx": [
    55,
    143
  ],
  "roi_size_um_yx": [
    101.75,
    264.55
  ],
  "major_is_y": false,
  "profile_length_px": 143,
  "profile_values": [
    65.66666666666667,
    66.0,
    68.0,
    69.66666666666667,
    73.0,
    75.33333333333333,
    79.66666666666667,
    83.0,
    88.33333333333333,
    91.66666666666667,
    97.33333333333333,
    100.33333333333333,
    106.33333333333333,
    109.33333333333333,
    114.66666666666667,
    117.33333333333333,
    121.33333333333333,
    123.66666666666667,
    126.33333333333333,
    127.33333333333333,
    129.66666666666666,
    130.66666666666666,
    132.0,
    132.33333333333334,
    132.66666666666666,
    132.66666666666666,
    133.33333333333334,
    133.0,
    134.0,
    133.0,
    134.0,
    133.66666666666666,
    134.33333333333334,
    134.33333333333334,
    135.66666666666666,
    135.66666666666666,
    137.33333333333334,
    137.0,
    139.0,
    139.0,
    139.66666666666666,
    140.33333333333334,
    142.0,
    141.33333333333334,
    143.0,
    143.0,
    144.66666666666666,
    144.0,
    145.33333333333334,
    143.33333333333334,
    145.66666666666666,
    144.0,
    146.0,
    144.0,
    146.33333333333334,
    145.33333333333334,
    146.66666666666666,
    145.0,
    147.33333333333334,
    146.0,
    146.66666666666666,
    145.66666666666666,
    146.0,
    146.0,
    146.33333333333334,
    146.33333333333334,
    147.33333333333334,
    145.66666666666666,
    147.33333333333334,
    146.33333333333334,
    147.66666666666666,
    146.0,
    146.66666666666666,
    146.0,
    147.0,
    146.0,
    146.33333333333334,
    145.33333333333334,
    147.0,
    146.0,
    146.66666666666666,
    146.66666666666666,
    147.0,
    145.33333333333334,
    146.33333333333334,
    145.33333333333334,
    146.33333333333334,
    145.0,
    146.66666666666666,
    144.33333333333334,
    146.33333333333334,
    145.0,
    146.66666666666666,
    144.66666666666666,
    146.33333333333334,
    144.66666666666666,
    145.66666666666666,
    144.33333333333334,
    145.66666666666666,
    143.66666666666666,
    144.66666666666666,
    143.0,
    143.66666666666666,
    142.66666666666666,
    143.0,
    141.66666666666666,
    141.33333333333334,
    140.33333333333334,
    139.66666666666666,
    139.0,
    138.66666666666666,
    137.0,
    137.66666666666666,
    136.0,
    136.66666666666666,
    135.33333333333334,
    135.66666666666666,
    134.0,
    134.33333333333334,
    132.0,
    132.0,
    129.33333333333334,
    129.0,
    126.0,
    124.0,
    121.0,
    118.66666666666667,
    115.0,
    112.0,
    109.0,
    104.66666666666667,
    100.66666666666667,
    96.66666666666667,
    92.33333333333333,
    88.33333333333333,
    84.0,
    79.66666666666667,
    75.33333333333333,
    71.66666666666667,
    67.66666666666667,
    65.33333333333333,
    62.333333333333336,
    60.666666666666664
  ],
  "profile_slice_minor_px": [
    25,
    28
  ],
  "profile_slice_minor_um": [
    46.25,
    51.8
  ],
  "flat_top_center_px": 70.86284172822404,
  "flat_top_half_width_px": 33.51277266918691,
  "flat_top_bounds_px": [
    37,
    104
  ],
  "flat_top_width_um": 123.95,
  "flat_top_mean_intensity": 144.9601990049751,
  "rms_percent": 1.5036898708141768,
  "pk_pk_percent": 7.3583416274839495,
  "plot_path": "C:\\Users\\Galileo\\slm_runner\\data\\sheet\\testfile_sheet_analysis.png"
}