{
  "after_path": "data/sheet/testfile_sheet_after.bmp",
  "before_path": null,
  "dark_corrected": false,
  "cam_pitch_um": 1.85,
  "roi_bbox_y0y1x0x1": [
    1543,
    1584,
    1553,
    1697
  ],
  "roi_shape_yx": [
    41,
    144
  ],
  "roi_size_um_yx": [
    75.85,
    266.4
  ],
  "major_is_y": false,
  "profile_length_px": 144,
  "profile_values": [
    63.666666666666664,
    65.66666666666667,
    69.66666666666667,
    72.66666666666667,
    77.0,
    80.66666666666667,
    85.0,
    88.66666666666667,
    94.0,
    97.0,
    102.66666666666667,
    105.33333333333333,
    110.33333333333333,
    113.33333333333333,
    118.33333333333333,
    121.0,
    125.33333333333333,
    128.0,
    132.0,
    134.0,
    137.33333333333334,
    138.33333333333334,
    141.33333333333334,
    142.33333333333334,
    144.33333333333334,
    145.33333333333334,
    147.0,
    147.33333333333334,
    148.33333333333334,
    148.0,
    149.66666666666666,
    149.33333333333334,
    151.0,
    149.66666666666666,
    151.0,
    149.66666666666666,
    150.66666666666666,
    149.33333333333334,
    150.66666666666666,
    149.0,
    150.33333333333334,
    149.0,
    150.0,
    149.0,
    150.0,
    150.33333333333334,
    149.66666666666666,
    149.0,
    149.33333333333334,
    148.0,
    148.33333333333334,
    147.0,
    147.66666666666666,
    146.66666666666666,
    147.33333333333334,
    145.33333333333334,
    146.33333333333334,
    145.0,
    145.33333333333334,
    144.66666666666666,
    145.66666666666666,
    144.0,
    145.0,
    144.33333333333334,
    146.0,
    145.33333333333334,
    146.33333333333334,
    147.0,
    147.33333333333334,
    147.0,
    147.33333333333334,
    147.33333333333334,
    148.33333333333334,
    147.33333333333334,
    149.33333333333334,
    148.33333333333334,
    150.66666666666666,
    149.66666666666666,
    152.0,
    151.33333333333334,
    153.0,
    152.33333333333334,
    154.0,
    153.33333333333334,
    155.0,
    153.33333333333334,
    155.33333333333334,
    154.0,
    155.66666666666666,
    154.66666666666666,
    155.66666666666666,
    155.0,
    155.66666666666666,
    154.33333333333334,
    155.33333333333334,
    153.33333333333334,
    154.66666666666666,
    153.0,
    154.33333333333334,
    153.0,
    154.66666666666666,
    153.66666666666666,
    155.33333333333334,
    154.33333333333334,
    156.66666666666666,
    155.33333333333334,
    157.66666666666666,
    156.33333333333334,
    158.66666666666666,
    159.0,
    160.33333333333334,
    159.66666666666666,
    160.66666666666666,
    160.0,
    161.0,
    159.66666666666666,
    160.66666666666666,
    157.66666666666666,
    158.66666666666666,
    155.33333333333334,
    155.33333333333334,
    151.66666666666666,
    151.0,
    146.0,
    144.0,
    139.66666666666666,
    137.0,
    131.66666666666666,
    128.0,
    123.66666666666667,
    119.33333333333333,
    113.66666666666667,
    108.66666666666667,
    103.66666666666667,
    98.33333333333333,
    93.66666666666667,
    89.0,
    84.33333333333333,
    80.0,
    75.0,
    71.33333333333333,
    67.0,
    63.333333333333336,
    60.333333333333336
  ],
  "profile_slice_minor_px": [
    19,
    22
  ],
  "profile_slice_minor_um": [
    35.15,
    40.7
  ],
  "flat_top_center_px": 95.57969108343491,
  "flat_top_half_width_px": 70.26377468307089,
  "flat_top_bounds_px": [
    27,
    108
  ],
  "flat_top_width_um": 149.85,
  "flat_top_mean_intensity": 150.37860082304528,
  "flat_profile": [
    147.33333333333334,
    148.33333333333334,
    148.0,
    149.66666666666666,
    149.33333333333334,
    151.0,
    149.66666666666666,
    151.0,
    149.66666666666666,
    150.66666666666666,
    149.33333333333334,
    150.66666666666666,
    149.0,
    150.33333333333334,
    149.0,
    150.0,
    149.0,
    150.0,
    150.33333333333334,
    149.66666666666666,
    149.0,
    149.33333333333334,
    148.0,
    148.33333333333334,
    147.0,
    147.66666666666666,
    146.66666666666666,
    147.33333333333334,
    145.33333333333334,
    146.33333333333334,
    145.0,
    145.33333333333334,
    144.66666666666666,
    145.66666666666666,
    144.0,
    145.0,
    144.33333333333334,
    146.0,
    145.33333333333334,
    146.33333333333334,
    147.0,
    147.33333333333334,
    147.0,
    147.33333333333334,
    147.33333333333334,
    148.33333333333334,
    147.33333333333334,
    149.33333333333334,
    148.33333333333334,
    150.66666666666666,
    149.66666666666666,
    152.0,
    151.33333333333334,
    153.0,
    152.33333333333334,
    154.0,
    153.33333333333334,
    155.0,
    153.33333333333334,
    155.33333333333334,
    154.0,
    155.66666666666666,
    154.66666666666666,
    155.66666666666666,
    155.0,
    155.66666666666666,
    154.33333333333334,
    155.33333333333334,
    153.33333333333334,
    154.66666666666666,
    153.0,
    154.33333333333334,
    153.0,
    154.66666666666666,
    153.66666666666666,
    155.33333333333334,
    154.33333333333334,
    156.66666666666666,
    155.33333333333334,
    157.66666666666666,
    156.33333333333334
  ],
  "rms_percent": 2.3589453244062204,
  "pk_pk_percent": 9.088172513819707,
  "plot_path": "scripts/sheet/analysis_sheet.png"
}