{
  "after_path": "data/sheet/testfile_sheet_after.bmp",
  "before_path": null,
  "dark_corrected": false,
  "cam_pitch_um": 1.85,
  "roi_bbox_y0y1x0x1": [
    1544,
    1585,
    1553,
    1697
  ],
  "roi_shape_yx": [
    41,
    144
  ],
  "roi_size_um_yx": [
    75.85,
    266.4
  ],
  "major_is_y": false,
  "profile_length_px": 144,
  "profile_values": [
    65.66666666666667,
    68.66666666666667,
    73.0,
    76.66666666666667,
    81.0,
    84.66666666666667,
    90.0,
    94.0,
    100.0,
    103.66666666666667,
    109.33333333333333,
    113.66666666666667,
    119.0,
    122.0,
    128.0,
    130.0,
    135.33333333333334,
    138.33333333333334,
    142.33333333333334,
    144.0,
    148.33333333333334,
    149.33333333333334,
    152.0,
    154.0,
    156.0,
    157.0,
    158.33333333333334,
    159.33333333333334,
    161.0,
    160.33333333333334,
    162.33333333333334,
    161.66666666666666,
    163.66666666666666,
    162.0,
    164.0,
    162.33333333333334,
    164.0,
    162.33333333333334,
    163.33333333333334,
    162.0,
    163.66666666666666,
    162.0,
    162.66666666666666,
    162.0,
    163.0,
    162.33333333333334,
    162.33333333333334,
    162.0,
    162.0,
    160.66666666666666,
    161.0,
    159.33333333333334,
    160.0,
    158.66666666666666,
    159.66666666666666,
    157.66666666666666,
    158.33333333333334,
    157.0,
    157.33333333333334,
    156.66666666666666,
    157.33333333333334,
    156.33333333333334,
    157.33333333333334,
    156.66666666666666,
    158.0,
    158.0,
    159.0,
    159.0,
    159.66666666666666,
    159.33333333333334,
    160.33333333333334,
    159.66666666666666,
    161.33333333333334,
    160.33333333333334,
    162.0,
    161.33333333333334,
    163.33333333333334,
    162.66666666666666,
    165.0,
    164.0,
    166.33333333333334,
    165.33333333333334,
    167.0,
    166.33333333333334,
    168.0,
    166.33333333333334,
    168.0,
    167.66666666666666,
    168.33333333333334,
    167.0,
    168.33333333333334,
    167.66666666666666,
    169.0,
    167.33333333333334,
    168.66666666666666,
    166.0,
    167.66666666666666,
    166.33333333333334,
    167.66666666666666,
    165.66666666666666,
    168.0,
    166.66666666666666,
    169.0,
    167.66666666666666,
    170.66666666666666,
    168.0,
    171.66666666666666,
    170.0,
    172.33333333333334,
    172.0,
    173.66666666666666,
    172.66666666666666,
    174.66666666666666,
    173.33333333333334,
    174.66666666666666,
    172.66666666666666,
    173.66666666666666,
    170.66666666666666,
    172.33333333333334,
    168.66666666666666,
    168.33333333333334,
    164.66666666666666,
    164.0,
    158.33333333333334,
    156.33333333333334,
    151.33333333333334,
    148.66666666666666,
    142.66666666666666,
    139.33333333333334,
    134.0,
    129.66666666666666,
    123.66666666666667,
    118.0,
    113.0,
    107.33333333333333,
    101.66666666666667,
    96.0,
    90.66666666666667,
    86.33333333333333,
    80.66666666666667,
    75.66666666666667,
    72.0,
    67.66666666666667,
    64.0
  ],
  "profile_slice_minor_px": [
    18,
    21
  ],
  "profile_slice_minor_um": [
    33.3,
    38.85
  ],
  "flat_top_center_px": 94.02906136848402,
  "flat_top_half_width_px": 68.44964072564925,
  "flat_top_bounds_px": [
    27,
    108
  ],
  "flat_top_width_um": 149.85,
  "flat_top_mean_intensity": 163.13168724279836,
  "rms_percent": 2.390627679643895,
  "pk_pk_percent": 9.399359249262115,
  "plot_path": "scripts\\sheet\\analysis_sheet.png"
}