{
  "after_path": "data/sheet/testfile_sheet_after.bmp",
  "cam_pitch_um": 1.85,
  "roi_bbox_y0y1x0x1": [
    1541,
    1592,
    1515,
    1658
  ],
  "roi_shape_yx": [
    51,
    143
  ],
  "roi_size_um_yx": [
    94.35,
    264.55
  ],
  "major_is_y": false,
  "profile_length_px": 143,
  "profile_values": [
    64.33333333333333,
    65.0,
    67.33333333333333,
    70.0,
    74.33333333333333,
    77.33333333333333,
    82.0,
    85.66666666666667,
    90.66666666666667,
    93.66666666666667,
    99.66666666666667,
    102.33333333333333,
    108.0,
    111.33333333333333,
    115.33333333333333,
    117.66666666666667,
    121.66666666666667,
    123.66666666666667,
    126.66666666666667,
    128.33333333333334,
    130.0,
    130.66666666666666,
    132.66666666666666,
    132.0,
    133.0,
    132.66666666666666,
    134.33333333333334,
    133.66666666666666,
    134.33333333333334,
    134.33333333333334,
    135.0,
    135.66666666666666,
    137.0,
    136.33333333333334,
    138.0,
    137.66666666666666,
    139.33333333333334,
    139.66666666666666,
    141.0,
    140.66666666666666,
    141.66666666666666,
    142.0,
    143.33333333333334,
    143.0,
    144.66666666666666,
    144.33333333333334,
    146.0,
    144.0,
    146.33333333333334,
    144.66666666666666,
    146.66666666666666,
    145.0,
    147.66666666666666,
    145.66666666666666,
    147.0,
    146.66666666666666,
    147.66666666666666,
    146.33333333333334,
    148.33333333333334,
    146.66666666666666,
    148.66666666666666,
    147.66666666666666,
    148.0,
    147.66666666666666,
    148.66666666666666,
    147.66666666666666,
    148.66666666666666,
    147.33333333333334,
    149.33333333333334,
    147.66666666666666,
    149.33333333333334,
    147.66666666666666,
    148.66666666666666,
    147.66666666666666,
    148.66666666666666,
    147.66666666666666,
    148.33333333333334,
    147.33333333333334,
    147.66666666666666,
    147.0,
    148.0,
    147.66666666666666,
    148.66666666666666,
    147.0,
    146.66666666666666,
    146.33333333333334,
    147.0,
    145.66666666666666,
    147.66666666666666,
    146.0,
    147.33333333333334,
    146.33333333333334,
    148.0,
    146.66666666666666,
    147.66666666666666,
    146.66666666666666,
    148.0,
    146.33333333333334,
    147.66666666666666,
    146.0,
    147.0,
    145.33333333333334,
    145.66666666666666,
    144.66666666666666,
    144.33333333333334,
    143.33333333333334,
    142.66666666666666,
    141.33333333333334,
    141.66666666666666,
    139.66666666666666,
    140.33333333333334,
    138.0,
    138.66666666666666,
    136.0,
    137.0,
    135.33333333333334,
    135.66666666666666,
    133.66666666666666,
    134.0,
    131.66666666666666,
    131.33333333333334,
    128.66666666666666,
    128.66666666666666,
    125.33333333333333,
    124.66666666666667,
    121.66666666666667,
    120.0,
    117.33333333333333,
    114.66666666666667,
    111.0,
    107.33333333333333,
    103.66666666666667,
    99.66666666666667,
    94.66666666666667,
    90.66666666666667,
    86.0,
    82.33333333333333,
    76.66666666666667,
    72.33333333333333,
    68.0,
    65.0,
    61.666666666666664,
    59.333333333333336
  ],
  "profile_slice_minor_px": [
    23,
    26
  ],
  "profile_slice_minor_um": [
    42.55,
    48.1
  ],
  "flat_top_center_px": 70.8760988102994,
  "flat_top_half_width_px": 32.96169219902617,
  "flat_top_bounds_px": [
    38,
    104
  ],
  "flat_top_width_um": 122.1,
  "flat_top_mean_intensity": 146.58585858585855,
  "rms_percent": 1.300327116084979,
  "pk_pk_percent": 5.912348401323057,
  "plot_path": "scripts/sheet/analysis_sheet.png"
}