{
  "after_path": "data/sheet/testfile_sheet_after.bmp",
  "roi_bbox_y0y1x0x1": [
    1670,
    1712,
    1939,
    2041
  ],
  "roi_shape_yx": [
    42,
    102
  ],
  "major_is_y": false,
  "profile_length_px": 102,
  "profile_values": [
    25.666666666666668,
    27.0,
    30.333333333333332,
    32.666666666666664,
    36.666666666666664,
    39.0,
    43.666666666666664,
    47.0,
    53.333333333333336,
    56.666666666666664,
    64.0,
    67.66666666666667,
    75.33333333333333,
    78.66666666666667,
    87.0,
    89.66666666666667,
    98.0,
    99.0,
    104.66666666666667,
    104.0,
    108.33333333333333,
    104.33333333333333,
    108.33333333333333,
    103.33333333333333,
    104.66666666666667,
    101.0,
    101.0,
    97.0,
    97.33333333333333,
    93.66666666666667,
    95.0,
    92.33333333333333,
    95.0,
    91.33333333333333,
    94.33333333333333,
    91.0,
    94.33333333333333,
    92.66666666666667,
    96.33333333333333,
    94.0,
    98.0,
    96.33333333333333,
    101.0,
    99.0,
    103.0,
    102.33333333333333,
    107.0,
    107.33333333333333,
    112.0,
    112.33333333333333,
    118.33333333333333,
    118.33333333333333,
    125.0,
    124.33333333333333,
    128.66666666666666,
    127.33333333333333,
    130.66666666666666,
    128.33333333333334,
    132.0,
    127.33333333333333,
    130.33333333333334,
    124.33333333333333,
    125.33333333333333,
    120.0,
    121.0,
    114.66666666666667,
    114.0,
    109.0,
    110.0,
    106.33333333333333,
    106.0,
    103.0,
    105.33333333333333,
    103.66666666666667,
    107.0,
    105.0,
    110.0,
    107.0,
    112.0,
    108.66666666666667,
    113.33333333333333,
    109.0,
    113.0,
    106.66666666666667,
    108.66666666666667,
    100.66666666666667,
    101.33333333333333,
    93.0,
    91.66666666666667,
    82.0,
    79.0,
    69.0,
    65.0,
    56.0,
    51.0,
    42.0,
    37.666666666666664,
    30.333333333333332,
    25.666666666666668,
    20.333333333333332,
    17.333333333333332,
    14.0
  ],
  "flat_top_center_px": 50.83448435266553,
  "flat_top_half_width_px": 30.532912019196885,
  "flat_top_bounds_px": [
    20,
    81
  ],
  "flat_top_mean_intensity": 108.36065573770492,
  "rms_percent": 10.671258613826424,
  "pk_pk_percent": 37.83661119515885,
  "plot_path": "scripts/sheet/analysis_sheet.png"
}