{
  "after_path": "data/sheet/testfile_sheet_after.bmp",
  "before_path": null,
  "dark_corrected": false,
  "cam_pitch_um": 1.85,
  "roi_bbox_y0y1x0x1": [
    1546,
    1581,
    1563,
    1686
  ],
  "roi_shape_yx": [
    35,
    123
  ],
  "roi_size_um_yx": [
    64.75,
    227.55
  ],
  "major_is_y": false,
  "profile_length_px": 123,
  "profile_values": [
    21.666666666666668,
    23.0,
    26.666666666666668,
    29.333333333333332,
    32.333333333333336,
    34.333333333333336,
    37.666666666666664,
    39.666666666666664,
    42.666666666666664,
    44.0,
    47.0,
    47.0,
    50.0,
    51.333333333333336,
    53.666666666666664,
    54.0,
    57.0,
    58.0,
    61.333333333333336,
    60.0,
    64.33333333333333,
    64.33333333333333,
    68.66666666666667,
    67.66666666666667,
    70.33333333333333,
    70.0,
    72.33333333333333,
    71.33333333333333,
    73.66666666666667,
    71.66666666666667,
    74.33333333333333,
    71.66666666666667,
    73.33333333333333,
    71.0,
    72.66666666666667,
    70.0,
    70.0,
    68.33333333333333,
    68.66666666666667,
    65.33333333333333,
    65.66666666666667,
    63.0,
    62.666666666666664,
    60.666666666666664,
    60.666666666666664,
    58.666666666666664,
    59.0,
    57.0,
    57.333333333333336,
    56.333333333333336,
    56.333333333333336,
    56.0,
    56.666666666666664,
    55.333333333333336,
    57.0,
    57.0,
    58.0,
    58.666666666666664,
    59.0,
    59.666666666666664,
    61.0,
    61.0,
    64.0,
    63.333333333333336,
    66.0,
    66.0,
    68.66666666666667,
    69.0,
    71.66666666666667,
    70.66666666666667,
    73.0,
    72.33333333333333,
    73.66666666666667,
    72.0,
    73.66666666666667,
    72.0,
    72.33333333333333,
    71.66666666666667,
    71.33333333333333,
    70.33333333333333,
    70.66666666666667,
    69.0,
    69.0,
    68.0,
    68.66666666666667,
    66.66666666666667,
    67.66666666666667,
    66.66666666666667,
    68.33333333333333,
    68.0,
    69.66666666666667,
    70.0,
    72.33333333333333,
    73.33333333333333,
    76.33333333333333,
    75.66666666666667,
    79.66666666666667,
    79.66666666666667,
    83.66666666666667,
    84.0,
    86.66666666666667,
    86.0,
    88.0,
    85.66666666666667,
    87.0,
    83.66666666666667,
    83.66666666666667,
    79.33333333333333,
    78.66666666666667,
    72.66666666666667,
    70.33333333333333,
    64.33333333333333,
    61.0,
    54.0,
    49.666666666666664,
    44.666666666666664,
    40.333333333333336,
    35.0,
    30.666666666666668,
    26.666666666666668,
    23.333333333333332,
    20.0,
    17.666666666666668
  ],
  "profile_slice_minor_px": [
    16,
    19
  ],
  "profile_slice_minor_um": [
    29.6,
    35.15
  ],
  "flat_top_center_px": 83.95175724797663,
  "flat_top_half_width_px": 58.68978813565223,
  "flat_top_bounds_px": [
    27,
    108
  ],
  "flat_top_width_um": 149.85,
  "flat_top_mean_intensity": 69.22633744855966,
  "flat_profile": [
    71.33333333333333,
    73.66666666666667,
    71.66666666666667,
    74.33333333333333,
    71.66666666666667,
    73.33333333333333,
    71.0,
    72.66666666666667,
    70.0,
    70.0,
    68.33333333333333,
    68.66666666666667,
    65.33333333333333,
    65.66666666666667,
    63.0,
    62.666666666666664,
    60.666666666666664,
    60.666666666666664,
    58.666666666666664,
    59.0,
    57.0,
    57.333333333333336,
    56.333333333333336,
    56.333333333333336,
    56.0,
    56.666666666666664,
    55.333333333333336,
    57.0,
    57.0,
    58.0,
    58.666666666666664,
    59.0,
    59.666666666666664,
    61.0,
    61.0,
    64.0,
    63.333333333333336,
    66.0,
    66.0,
    68.66666666666667,
    69.0,
    71.66666666666667,
    70.66666666666667,
    73.0,
    72.33333333333333,
    73.66666666666667,
    72.0,
    73.66666666666667,
    72.0,
    72.33333333333333,
    71.66666666666667,
    71.33333333333333,
    70.33333333333333,
    70.66666666666667,
    69.0,
    69.0,
    68.0,
    68.66666666666667,
    66.66666666666667,
    67.66666666666667,
    66.66666666666667,
    68.33333333333333,
    68.0,
    69.66666666666667,
    70.0,
    72.33333333333333,
    73.33333333333333,
    76.33333333333333,
    75.66666666666667,
    79.66666666666667,
    79.66666666666667,
    83.66666666666667,
    84.0,
    86.66666666666667,
    86.0,
    88.0,
    85.66666666666667,
    87.0,
    83.66666666666667,
    83.66666666666667,
    79.33333333333333
  ],
  "rms_percent": 12.017418748151984,
  "pk_pk_percent": 47.18820592081798,
  "plot_path": "scripts\\sheet\\analysis_sheet.png"
}