{
  "after_path": "data/sheet/testfile_sheet_after.bmp",
  "before_path": null,
  "dark_corrected": false,
  "cam_pitch_um": 1.85,
  "roi_bbox_y0y1x0x1": [
    1549,
    1585,
    1552,
    1651
  ],
  "roi_shape_yx": [
    36,
    99
  ],
  "roi_size_um_yx": [
    66.6,
    183.15
  ],
  "major_is_y": false,
  "profile_length_px": 99,
  "profile_values": [
    15.333333333333334,
    19.333333333333332,
    23.0,
    27.666666666666668,
    31.666666666666668,
    37.666666666666664,
    41.333333333333336,
    47.666666666666664,
    51.333333333333336,
    58.333333333333336,
    60.333333333333336,
    66.0,
    67.66666666666667,
    72.0,
    73.33333333333333,
    77.0,
    76.66666666666667,
    81.0,
    80.0,
    84.33333333333333,
    84.0,
    88.0,
    87.33333333333333,
    91.0,
    91.66666666666667,
    93.0,
    93.33333333333333,
    94.66666666666667,
    93.66666666666667,
    94.66666666666667,
    93.0,
    94.33333333333333,
    91.66666666666667,
    93.66666666666667,
    90.66666666666667,
    91.0,
    87.66666666666667,
    88.33333333333333,
    85.33333333333333,
    86.66666666666667,
    85.0,
    86.66666666666667,
    85.0,
    88.0,
    88.0,
    90.0,
    90.33333333333333,
    90.66666666666667,
    91.33333333333333,
    92.66666666666667,
    93.0,
    95.66666666666667,
    93.66666666666667,
    96.0,
    94.0,
    95.0,
    93.66666666666667,
    94.33333333333333,
    92.33333333333333,
    92.0,
    90.33333333333333,
    90.33333333333333,
    88.0,
    88.33333333333333,
    86.66666666666667,
    86.33333333333333,
    86.66666666666667,
    86.33333333333333,
    87.66666666666667,
    86.66666666666667,
    88.33333333333333,
    88.33333333333333,
    89.66666666666667,
    92.33333333333333,
    92.0,
    94.66666666666667,
    95.33333333333333,
    98.33333333333333,
    99.0,
    102.33333333333333,
    100.33333333333333,
    102.0,
    97.66666666666667,
    97.66666666666667,
    92.33333333333333,
    91.0,
    83.0,
    78.0,
    70.33333333333333,
    63.666666666666664,
    55.333333333333336,
    48.0,
    41.0,
    34.333333333333336,
    28.333333333333332,
    23.333333333333332,
    19.0,
    15.333333333333334,
    12.666666666666666
  ],
  "profile_slice_minor_px": [
    17,
    20
  ],
  "profile_slice_minor_um": [
    31.45,
    37.0
  ],
  "flat_top_center_px": 71.60244049775459,
  "flat_top_half_width_px": 51.079416733414824,
  "flat_top_bounds_px": [
    27,
    99
  ],
  "flat_top_width_um": 133.2,
  "flat_top_mean_intensity": 83.1064814814815,
  "flat_profile": [
    94.66666666666667,
    93.66666666666667,
    94.66666666666667,
    93.0,
    94.33333333333333,
    91.66666666666667,
    93.66666666666667,
    90.66666666666667,
    91.0,
    87.66666666666667,
    88.33333333333333,
    85.33333333333333,
    86.66666666666667,
    85.0,
    86.66666666666667,
    85.0,
    88.0,
    88.0,
    90.0,
    90.33333333333333,
    90.66666666666667,
    91.33333333333333,
    92.66666666666667,
    93.0,
    95.66666666666667,
    93.66666666666667,
    96.0,
    94.0,
    95.0,
    93.66666666666667,
    94.33333333333333,
    92.33333333333333,
    92.0,
    90.33333333333333,
    90.33333333333333,
    88.0,
    88.33333333333333,
    86.66666666666667,
    86.33333333333333,
    86.66666666666667,
    86.33333333333333,
    87.66666666666667,
    86.66666666666667,
    88.33333333333333,
    88.33333333333333,
    89.66666666666667,
    92.33333333333333,
    92.0,
    94.66666666666667,
    95.33333333333333,
    98.33333333333333,
    99.0,
    102.33333333333333,
    100.33333333333333,
    102.0,
    97.66666666666667,
    97.66666666666667,
    92.33333333333333,
    91.0,
    83.0,
    78.0,
    70.33333333333333,
    63.666666666666664,
    55.333333333333336,
    48.0,
    41.0,
    34.333333333333336,
    28.333333333333332,
    23.333333333333332,
    19.0,
    15.333333333333334,
    12.666666666666666
  ],
  "rms_percent": 25.51419511798944,
  "pk_pk_percent": 107.8937106567879,
  "selected_region_intensity": 127381.0,
  "total_camera_intensity": 442606.0,
  "efficiency_observed": 0.28779772529066483,
  "plot_path": "scripts\\sheet\\analysis_sheet.png"
}