{
  "tag": "iter03",
  "iter": 3,
  "rms_percent": 13.299925705533983,
  "pk_pk_percent": 39.9921444002071,
  "flat_bounds_px": [
    20,
    100
  ],
  "weights": [
    2.006261435246451,
    1.0683980289955028,
    0.8535277513956991,
    0.8565330033921922,
    0.9526429368624498,
    0.8847452261631237,
    0.8444729044861456,
    0.8444729044861456,
    0.8444729044861456,
    0.8444729044861456
  ],
  "sim_fidelity": 0.9999952683043838,
  "sim_efficiency": 0.1734832624711324,
  "plot_path": "/home/chance/SLMengineer/docs/sweep_sheet/closed_loop/iter03_plot.png"
}