{
  "base": {
    "etime_us": 4000,
    "n_avg": 10,
    "monitor": 1,
    "LUT": 207,
    "fresnel_sd": 500,
    "sheet_flat_width": 24,
    "sheet_gaussian_sigma": 1.5,
    "sheet_angle": 1.5707963267948966,
    "sheet_edge_sigma": 1.5,
    "cgm_R": 0,
    "cgm_D": -1.5707963267948966,
    "cgm_theta": 0.7853981633974483,
    "cgm_steepness": 8,
    "cgm_max_iterations": 4000,
    "eta_min": 0.1,
    "beam_center_dx_um": 0,
    "beam_center_dy_um": 0
  },
  "sweep": {
    "LUT":                  [200, 204, 207, 210, 214],
    "fresnel_sd":           [400, 450, 500, 550, 600],
    "sheet_flat_width":     [20, 22, 24, 26, 28],
    "sheet_gaussian_sigma": [1.0, 1.25, 1.5, 1.75, 2.0],
    "sheet_edge_sigma":     [0.5, 1.0, 1.5, 2.0, 2.5],
    "cgm_steepness":        [6, 7, 8, 9, 10],
    "eta_min":              [0.05, 0.075, 0.1, 0.125, 0.15]
  }
}
