{
  "after_path": "docs/sweep_sheet/2d_ringing/edge_5_after.bmp",
  "roi_bbox_y0y1x0x1": [
    1536,
    1596,
    1519,
    1653
  ],
  "roi_shape_yx": [
    60,
    134
  ],
  "major_is_y": false,
  "profile_length_px": 134,
  "profile_values": [
    61.333333333333336,
    62.666666666666664,
    64.33333333333333,
    66.0,
    69.0,
    71.0,
    75.33333333333333,
    77.33333333333333,
    82.0,
    85.33333333333333,
    89.33333333333333,
    93.0,
    97.0,
    101.0,
    105.0,
    107.0,
    111.33333333333333,
    114.0,
    117.33333333333333,
    118.66666666666667,
    122.0,
    123.33333333333333,
    126.0,
    126.33333333333333,
    128.33333333333334,
    128.0,
    130.0,
    130.0,
    131.66666666666666,
    131.0,
    132.33333333333334,
    131.66666666666666,
    132.66666666666666,
    132.0,
    133.33333333333334,
    133.33333333333334,
    133.66666666666666,
    134.0,
    135.0,
    135.33333333333334,
    136.33333333333334,
    136.33333333333334,
    138.33333333333334,
    137.33333333333334,
    139.0,
    138.33333333333334,
    139.33333333333334,
    138.33333333333334,
    139.66666666666666,
    138.0,
    139.0,
    137.66666666666666,
    138.0,
    137.0,
    138.0,
    136.33333333333334,
    136.66666666666666,
    136.0,
    135.66666666666666,
    135.66666666666666,
    136.0,
    136.0,
    137.0,
    137.0,
    138.66666666666666,
    138.33333333333334,
    140.0,
    139.66666666666666,
    140.66666666666666,
    140.33333333333334,
    141.66666666666666,
    141.0,
    142.66666666666666,
    141.66666666666666,
    142.33333333333334,
    141.66666666666666,
    143.0,
    142.33333333333334,
    143.0,
    142.0,
    142.0,
    141.33333333333334,
    142.0,
    140.66666666666666,
    141.66666666666666,
    140.0,
    140.66666666666666,
    139.66666666666666,
    140.66666666666666,
    138.66666666666666,
    139.0,
    137.0,
    138.0,
    136.0,
    137.0,
    134.66666666666666,
    135.66666666666666,
    133.66666666666666,
    134.33333333333334,
    133.0,
    133.0,
    132.0,
    131.66666666666666,
    130.66666666666666,
    130.33333333333334,
    129.0,
    129.0,
    126.33333333333333,
    126.0,
    124.33333333333333,
    123.66666666666667,
    121.33333333333333,
    120.33333333333333,
    117.0,
    116.0,
    112.66666666666667,
    111.0,
    108.0,
    106.0,
    102.33333333333333,
    99.66666666666667,
    96.33333333333333,
    93.66666666666667,
    90.33333333333333,
    86.66666666666667,
    82.66666666666667,
    78.66666666666667,
    75.0,
    71.66666666666667,
    67.66666666666667,
    65.0,
    62.333333333333336,
    60.0,
    58.333333333333336
  ],
  "flat_top_center_px": 66.24104473846651,
  "flat_top_half_width_px": 26.256715882962943,
  "flat_top_bounds_px": [
    40,
    92
  ],
  "flat_top_mean_intensity": 139.21794871794873,
  "rms_percent": 1.5685793231135032,
  "pk_pk_percent": 5.26752002946865,
  "plot_path": "docs/sweep_sheet/2d_ringing/edge_5_plot.png"
}