{
  "after_path": "docs/sweep_sheet/2d_ringing/edge_0_after.bmp",
  "roi_bbox_y0y1x0x1": [
    1536,
    1600,
    1534,
    1662
  ],
  "roi_shape_yx": [
    64,
    128
  ],
  "major_is_y": false,
  "profile_length_px": 128,
  "profile_values": [
    104.0,
    94.66666666666667,
    88.0,
    84.33333333333333,
    83.66666666666667,
    87.0,
    92.0,
    101.0,
    108.66666666666667,
    120.0,
    128.33333333333334,
    140.0,
    147.0,
    157.33333333333334,
    162.33333333333334,
    171.33333333333334,
    175.33333333333334,
    183.0,
    185.66666666666666,
    191.66666666666666,
    193.33333333333334,
    196.33333333333334,
    197.0,
    199.66666666666666,
    198.66666666666666,
    200.66666666666666,
    198.66666666666666,
    199.66666666666666,
    196.0,
    196.0,
    192.0,
    191.0,
    187.33333333333334,
    187.0,
    183.0,
    181.66666666666666,
    178.66666666666666,
    178.33333333333334,
    175.33333333333334,
    175.66666666666666,
    173.66666666666666,
    174.0,
    173.0,
    173.33333333333334,
    173.0,
    174.0,
    174.0,
    175.66666666666666,
    175.66666666666666,
    177.66666666666666,
    177.66666666666666,
    179.66666666666666,
    178.66666666666666,
    180.0,
    178.66666666666666,
    180.0,
    178.66666666666666,
    179.33333333333334,
    177.66666666666666,
    178.66666666666666,
    176.66666666666666,
    178.33333333333334,
    176.66666666666666,
    178.0,
    176.33333333333334,
    177.33333333333334,
    177.0,
    178.0,
    177.0,
    179.0,
    176.66666666666666,
    178.0,
    176.66666666666666,
    178.0,
    175.33333333333334,
    175.66666666666666,
    173.33333333333334,
    172.66666666666666,
    170.0,
    169.0,
    164.33333333333334,
    163.0,
    158.33333333333334,
    155.33333333333334,
    151.0,
    146.66666666666666,
    141.66666666666666,
    136.0,
    129.66666666666666,
    122.66666666666667,
    116.66666666666667,
    109.0,
    102.33333333333333,
    95.66666666666667,
    90.66666666666667,
    88.0,
    88.0,
    90.66666666666667,
    95.33333333333333,
    103.66666666666667,
    110.66666666666667,
    121.66666666666667,
    129.0,
    140.33333333333334,
    145.33333333333334,
    153.66666666666666,
    157.66666666666666,
    163.33333333333334,
    164.0,
    166.33333333333334,
    164.0,
    163.66666666666666,
    159.0,
    156.0,
    149.0,
    144.0,
    135.66666666666666,
    128.0,
    118.66666666666667,
    109.66666666666667,
    101.0,
    91.66666666666667,
    84.66666666666667,
    77.66666666666667,
    73.33333333333333,
    70.0,
    69.66666666666667,
    70.33333333333333
  ],
  "flat_top_center_px": 29.872119681197777,
  "flat_top_half_width_px": 50.420303314687395,
  "flat_top_bounds_px": [
    0,
    80
  ],
  "flat_top_mean_intensity": 168.3,
  "rms_percent": 17.721789574368092,
  "pk_pk_percent": 69.51871657754009,
  "plot_path": "docs/sweep_sheet/2d_ringing/edge_0_plot.png"
}