{
  "after_path": "docs/sweep_sheet/2d_ringing/edge_3_after.bmp",
  "roi_bbox_y0y1x0x1": [
    1535,
    1598,
    1517,
    1644
  ],
  "roi_shape_yx": [
    63,
    127
  ],
  "major_is_y": false,
  "profile_length_px": 127,
  "profile_values": [
    61.0,
    64.0,
    66.66666666666667,
    70.33333333333333,
    73.33333333333333,
    76.66666666666667,
    80.66666666666667,
    82.66666666666667,
    84.66666666666667,
    85.33333333333333,
    87.0,
    87.66666666666667,
    88.33333333333333,
    88.66666666666667,
    89.33333333333333,
    90.0,
    91.66666666666667,
    93.0,
    95.66666666666667,
    97.66666666666667,
    102.0,
    105.66666666666667,
    110.33333333333333,
    113.0,
    119.0,
    121.66666666666667,
    127.33333333333333,
    130.33333333333334,
    135.33333333333334,
    137.0,
    142.0,
    143.33333333333334,
    148.0,
    148.66666666666666,
    152.0,
    152.66666666666666,
    155.33333333333334,
    155.33333333333334,
    156.33333333333334,
    155.66666666666666,
    156.33333333333334,
    155.33333333333334,
    155.33333333333334,
    153.66666666666666,
    153.0,
    150.66666666666666,
    150.66666666666666,
    148.0,
    148.0,
    147.0,
    147.0,
    145.66666666666666,
    146.0,
    146.66666666666666,
    147.33333333333334,
    148.0,
    149.66666666666666,
    150.0,
    152.0,
    152.33333333333334,
    154.33333333333334,
    155.33333333333334,
    157.0,
    158.0,
    159.66666666666666,
    159.33333333333334,
    161.33333333333334,
    161.33333333333334,
    162.66666666666666,
    161.33333333333334,
    162.0,
    161.0,
    161.0,
    159.33333333333334,
    159.0,
    157.33333333333334,
    157.0,
    154.66666666666666,
    154.33333333333334,
    152.0,
    151.33333333333334,
    148.66666666666666,
    147.66666666666666,
    146.0,
    145.33333333333334,
    144.0,
    145.0,
    143.66666666666666,
    144.66666666666666,
    145.33333333333334,
    147.66666666666666,
    148.33333333333334,
    151.0,
    152.66666666666666,
    155.66666666666666,
    156.33333333333334,
    160.0,
    160.0,
    162.66666666666666,
    162.0,
    163.33333333333334,
    162.33333333333334,
    162.0,
    159.33333333333334,
    157.66666666666666,
    153.66666666666666,
    150.66666666666666,
    145.66666666666666,
    142.33333333333334,
    135.66666666666666,
    132.0,
    124.33333333333333,
    120.33333333333333,
    113.0,
    107.66666666666667,
    101.0,
    95.33333333333333,
    90.0,
    86.0,
    82.33333333333333,
    79.0,
    75.66666666666667,
    74.0,
    72.0,
    71.33333333333333,
    70.33333333333333,
    68.66666666666667
  ],
  "flat_top_center_px": 87.92195810528571,
  "flat_top_half_width_px": 53.243786300981384,
  "flat_top_bounds_px": [
    35,
    127
  ],
  "flat_top_mean_intensity": 141.95289855072463,
  "rms_percent": 18.280611494186587,
  "pk_pk_percent": 66.68878736057583,
  "plot_path": "docs/sweep_sheet/2d_ringing/edge_3_plot.png"
}