{
  "after_path": "data/sheet/testfile_sheet_after.bmp",
  "roi_bbox_y0y1x0x1": [
    1670,
    1712,
    1937,
    2041
  ],
  "roi_shape_yx": [
    42,
    104
  ],
  "major_is_y": false,
  "profile_length_px": 104,
  "profile_values": [
    24.333333333333332,
    26.333333333333332,
    30.0,
    32.0,
    35.666666666666664,
    38.0,
    43.0,
    45.333333333333336,
    49.666666666666664,
    53.333333333333336,
    59.333333333333336,
    63.0,
    70.0,
    72.66666666666667,
    80.0,
    83.33333333333333,
    91.0,
    93.0,
    100.0,
    100.66666666666667,
    106.33333333333333,
    104.66666666666667,
    108.33333333333333,
    105.33333333333333,
    108.0,
    103.33333333333333,
    104.0,
    100.0,
    99.66666666666667,
    95.0,
    95.33333333333333,
    91.0,
    92.0,
    89.0,
    90.66666666666667,
    86.66666666666667,
    89.0,
    85.33333333333333,
    88.0,
    86.0,
    89.66666666666667,
    86.66666666666667,
    90.66666666666667,
    87.66666666666667,
    92.0,
    90.0,
    94.0,
    93.0,
    97.33333333333333,
    98.0,
    102.0,
    101.66666666666667,
    107.33333333333333,
    109.0,
    115.0,
    115.66666666666667,
    120.66666666666667,
    119.33333333333333,
    124.33333333333333,
    122.33333333333333,
    125.66666666666667,
    122.33333333333333,
    125.33333333333333,
    120.33333333333333,
    122.33333333333333,
    118.0,
    119.33333333333333,
    113.66666666666667,
    114.0,
    109.0,
    109.66666666666667,
    105.33333333333333,
    106.0,
    103.0,
    104.0,
    101.66666666666667,
    104.66666666666667,
    102.33333333333333,
    106.0,
    103.0,
    108.0,
    104.33333333333333,
    109.33333333333333,
    103.66666666666667,
    107.33333333333333,
    102.0,
    104.0,
    96.33333333333333,
    97.0,
    89.0,
    87.33333333333333,
    79.0,
    76.0,
    66.66666666666667,
    63.0,
    54.0,
    48.666666666666664,
    41.0,
    36.0,
    29.0,
    24.666666666666668,
    19.333333333333332,
    16.333333333333332,
    13.0
  ],
  "flat_top_center_px": 51.97583813698634,
  "flat_top_half_width_px": 31.21016207194594,
  "flat_top_bounds_px": [
    21,
    83
  ],
  "flat_top_mean_intensity": 103.79032258064515,
  "rms_percent": 11.055001231622828,
  "pk_pk_percent": 38.860398860398874,
  "plot_path": "docs/sweep_sheet/param_sweep/arraybit_10_plot.png"
}