{
  "after_path": "data/sheet/testfile_sheet_after.bmp",
  "roi_bbox_y0y1x0x1": [
    1667,
    1709,
    1934,
    2034
  ],
  "roi_shape_yx": [
    42,
    100
  ],
  "major_is_y": false,
  "profile_length_px": 100,
  "profile_values": [
    58.666666666666664,
    46.666666666666664,
    39.666666666666664,
    37.666666666666664,
    40.666666666666664,
    48.333333333333336,
    59.666666666666664,
    74.33333333333333,
    88.0,
    105.66666666666667,
    117.0,
    133.33333333333334,
    142.0,
    155.66666666666666,
    160.33333333333334,
    173.66666666666666,
    171.33333333333334,
    181.66666666666666,
    178.33333333333334,
    186.0,
    179.0,
    186.0,
    178.0,
    184.33333333333334,
    176.66666666666666,
    183.0,
    175.66666666666666,
    182.66666666666666,
    174.66666666666666,
    180.66666666666666,
    176.33333333333334,
    180.33333333333334,
    176.0,
    181.66666666666666,
    177.0,
    182.0,
    179.0,
    184.66666666666666,
    178.0,
    183.66666666666666,
    179.33333333333334,
    184.33333333333334,
    178.0,
    183.66666666666666,
    177.33333333333334,
    182.33333333333334,
    176.66666666666666,
    183.0,
    177.33333333333334,
    183.0,
    177.0,
    182.33333333333334,
    179.0,
    185.0,
    181.66666666666666,
    189.66666666666666,
    186.0,
    193.33333333333334,
    191.66666666666666,
    200.66666666666666,
    195.0,
    203.0,
    197.0,
    203.66666666666666,
    196.66666666666666,
    201.0,
    190.0,
    192.33333333333334,
    182.0,
    183.66666666666666,
    172.33333333333334,
    172.66666666666666,
    161.66666666666666,
    162.0,
    153.0,
    154.0,
    146.0,
    149.66666666666666,
    143.66666666666666,
    147.0,
    142.0,
    146.66666666666666,
    140.0,
    143.66666666666666,
    138.33333333333334,
    140.33333333333334,
    132.66666666666666,
    131.0,
    120.33333333333333,
    116.0,
    103.66666666666667,
    95.66666666666667,
    82.33333333333333,
    72.0,
    59.666666666666664,
    49.333333333333336,
    39.0,
    30.666666666666668,
    24.0,
    20.666666666666668
  ],
  "flat_top_center_px": 58.257020078057025,
  "flat_top_half_width_px": 44.350940981073784,
  "flat_top_bounds_px": [
    14,
    100
  ],
  "flat_top_mean_intensity": 159.95736434108525,
  "rms_percent": 26.55378317803472,
  "pk_pk_percent": 114.405485957983,
  "plot_path": "docs/sweep_sheet/param_sweep/arraybit_12_plot.png"
}