{
  "after_path": "data/sheet/testfile_sheet_after.bmp",
  "roi_bbox_y0y1x0x1": [
    1667,
    1709,
    1935,
    2034
  ],
  "roi_shape_yx": [
    42,
    99
  ],
  "major_is_y": false,
  "profile_length_px": 99,
  "profile_values": [
    54.0,
    44.333333333333336,
    41.0,
    42.0,
    48.666666666666664,
    58.333333333333336,
    72.66666666666667,
    86.0,
    103.33333333333333,
    115.66666666666667,
    132.0,
    142.0,
    157.33333333333334,
    162.33333333333334,
    176.33333333333334,
    175.33333333333334,
    186.66666666666666,
    184.33333333333334,
    193.0,
    185.66666666666666,
    193.66666666666666,
    184.66666666666666,
    192.33333333333334,
    184.66666666666666,
    191.33333333333334,
    183.33333333333334,
    191.33333333333334,
    182.66666666666666,
    188.66666666666666,
    184.33333333333334,
    188.33333333333334,
    184.33333333333334,
    190.0,
    185.66666666666666,
    191.0,
    187.33333333333334,
    193.66666666666666,
    187.0,
    194.66666666666666,
    189.33333333333334,
    195.33333333333334,
    188.0,
    194.66666666666666,
    188.66666666666666,
    195.0,
    189.33333333333334,
    195.66666666666666,
    190.0,
    196.66666666666666,
    190.0,
    195.66666666666666,
    192.33333333333334,
    199.0,
    194.33333333333334,
    202.33333333333334,
    197.33333333333334,
    205.0,
    202.33333333333334,
    211.0,
    205.0,
    212.66666666666666,
    206.0,
    212.66666666666666,
    204.33333333333334,
    208.66666666666666,
    197.66666666666666,
    200.66666666666666,
    189.33333333333334,
    191.33333333333334,
    180.0,
    180.66666666666666,
    169.0,
    171.0,
    161.66666666666666,
    163.66666666666666,
    155.33333333333334,
    159.66666666666666,
    152.33333333333334,
    157.33333333333334,
    152.0,
    157.0,
    149.66666666666666,
    154.33333333333334,
    148.33333333333334,
    150.66666666666666,
    141.66666666666666,
    141.0,
    129.33333333333334,
    124.66666666666667,
    111.33333333333333,
    104.0,
    89.33333333333333,
    79.0,
    64.66666666666667,
    54.333333333333336,
    43.0,
    34.0,
    26.666666666666668,
    22.666666666666668
  ],
  "flat_top_center_px": 56.690584113509566,
  "flat_top_half_width_px": 42.776632994147754,
  "flat_top_bounds_px": [
    14,
    99
  ],
  "flat_top_mean_intensity": 168.81176470588235,
  "rms_percent": 26.13554442328867,
  "pk_pk_percent": 112.55139730991706,
  "plot_path": "docs/sweep_sheet/param_sweep/arraybit_12_cgm4000_plot.png"
}