{
  "after_path": "data/sheet/testfile_sheet_after.bmp",
  "roi_bbox_y0y1x0x1": [
    1672,
    1712,
    1934,
    2040
  ],
  "roi_shape_yx": [
    40,
    106
  ],
  "major_is_y": false,
  "profile_length_px": 106,
  "profile_values": [
    11.333333333333334,
    13.333333333333334,
    16.0,
    20.0,
    24.0,
    30.666666666666668,
    36.0,
    45.0,
    52.0,
    60.666666666666664,
    66.33333333333333,
    74.33333333333333,
    79.33333333333333,
    86.66666666666667,
    89.0,
    95.66666666666667,
    95.33333333333333,
    99.33333333333333,
    98.0,
    100.66666666666667,
    98.0,
    100.66666666666667,
    98.0,
    100.33333333333333,
    97.66666666666667,
    100.0,
    97.66666666666667,
    100.66666666666667,
    98.66666666666667,
    102.0,
    100.33333333333333,
    103.33333333333333,
    101.66666666666667,
    104.0,
    101.33333333333333,
    102.66666666666667,
    99.66666666666667,
    101.33333333333333,
    95.33333333333333,
    97.0,
    91.33333333333333,
    92.33333333333333,
    88.0,
    89.33333333333333,
    84.33333333333333,
    87.0,
    82.66666666666667,
    86.33333333333333,
    83.66666666666667,
    86.66666666666667,
    85.33333333333333,
    90.66666666666667,
    90.0,
    95.0,
    95.0,
    101.0,
    101.66666666666667,
    107.66666666666667,
    107.33333333333333,
    112.66666666666667,
    110.66666666666667,
    115.33333333333333,
    112.33333333333333,
    116.66666666666667,
    113.0,
    116.33333333333333,
    112.0,
    114.33333333333333,
    110.0,
    111.66666666666667,
    107.0,
    108.0,
    104.0,
    106.33333333333333,
    103.33333333333333,
    104.33333333333333,
    102.66666666666667,
    105.33333333333333,
    104.0,
    108.0,
    106.0,
    109.33333333333333,
    106.66666666666667,
    111.33333333333333,
    107.66666666666667,
    110.66666666666667,
    106.33333333333333,
    108.0,
    102.33333333333333,
    102.66666666666667,
    95.0,
    93.66666666666667,
    85.0,
    82.0,
    73.0,
    68.66666666666667,
    60.0,
    54.666666666666664,
    47.0,
    41.333333333333336,
    34.333333333333336,
    29.666666666666668,
    24.0,
    20.333333333333332,
    17.0,
    14.333333333333334
  ],
  "flat_top_center_px": 60.83751015182133,
  "flat_top_half_width_px": 45.15620644935286,
  "flat_top_bounds_px": [
    16,
    106
  ],
  "flat_top_mean_intensity": 92.75555555555556,
  "rms_percent": 25.00317676539759,
  "pk_pk_percent": 110.32582654528031,
  "plot_path": "docs/sweep_sheet/param_sweep/fresnel_sd_400_plot.png"
}