{
  "after_path": "data/sheet/testfile_sheet_after.bmp",
  "roi_bbox_y0y1x0x1": [
    1672,
    1712,
    1934,
    2040
  ],
  "roi_shape_yx": [
    40,
    106
  ],
  "major_is_y": false,
  "profile_length_px": 106,
  "profile_values": [
    12.666666666666666,
    15.333333333333334,
    18.0,
    22.0,
    26.333333333333332,
    32.333333333333336,
    37.666666666666664,
    45.333333333333336,
    52.0,
    60.333333333333336,
    65.33333333333333,
    74.33333333333333,
    78.66666666666667,
    87.0,
    90.0,
    97.0,
    97.33333333333333,
    102.33333333333333,
    102.66666666666667,
    107.0,
    105.33333333333333,
    109.0,
    107.0,
    109.0,
    106.66666666666667,
    109.33333333333333,
    106.66666666666667,
    109.33333333333333,
    106.33333333333333,
    109.0,
    107.66666666666667,
    109.66666666666667,
    107.66666666666667,
    109.33333333333333,
    106.0,
    107.66666666666667,
    104.66666666666667,
    107.0,
    101.0,
    103.0,
    96.66666666666667,
    98.0,
    94.0,
    95.66666666666667,
    91.0,
    93.0,
    89.0,
    92.33333333333333,
    89.66666666666667,
    93.33333333333333,
    92.0,
    97.0,
    97.0,
    102.0,
    102.0,
    108.66666666666667,
    109.66666666666667,
    116.33333333333333,
    116.0,
    121.0,
    119.66666666666667,
    125.0,
    122.0,
    126.33333333333333,
    123.33333333333333,
    126.33333333333333,
    121.66666666666667,
    123.66666666666667,
    119.33333333333333,
    120.66666666666667,
    115.66666666666667,
    116.0,
    112.33333333333333,
    113.66666666666667,
    110.33333333333333,
    111.33333333333333,
    109.0,
    112.0,
    110.0,
    113.66666666666667,
    111.66666666666667,
    115.66666666666667,
    113.0,
    118.0,
    114.0,
    117.66666666666667,
    112.0,
    115.33333333333333,
    108.33333333333333,
    109.0,
    101.66666666666667,
    100.66666666666667,
    91.33333333333333,
    89.0,
    78.66666666666667,
    75.33333333333333,
    65.66666666666667,
    60.666666666666664,
    52.0,
    46.666666666666664,
    38.666666666666664,
    33.666666666666664,
    27.0,
    23.0,
    18.333333333333332,
    16.0
  ],
  "flat_top_center_px": 61.40649672241989,
  "flat_top_half_width_px": 44.10163281375355,
  "flat_top_bounds_px": [
    17,
    106
  ],
  "flat_top_mean_intensity": 99.4681647940075,
  "rms_percent": 24.746992590988572,
  "pk_pk_percent": 110.9232622938474,
  "plot_path": "docs/sweep_sheet/param_sweep/fresnel_sd_600_plot.png"
}