{
  "after_path": "data/sheet/testfile_sheet_after.bmp",
  "roi_bbox_y0y1x0x1": [
    1671,
    1713,
    1935,
    2041
  ],
  "roi_shape_yx": [
    42,
    106
  ],
  "major_is_y": false,
  "profile_length_px": 106,
  "profile_values": [
    21.0,
    23.333333333333332,
    26.666666666666668,
    29.333333333333332,
    33.333333333333336,
    36.333333333333336,
    41.0,
    44.333333333333336,
    49.666666666666664,
    53.333333333333336,
    59.333333333333336,
    62.666666666666664,
    70.0,
    73.66666666666667,
    81.66666666666667,
    85.0,
    93.33333333333333,
    97.0,
    104.33333333333333,
    106.66666666666667,
    114.33333333333333,
    114.66666666666667,
    120.66666666666667,
    118.33333333333333,
    122.0,
    118.33333333333333,
    121.0,
    115.33333333333333,
    115.66666666666667,
    111.66666666666667,
    111.0,
    105.33333333333333,
    106.0,
    100.33333333333333,
    101.66666666666667,
    97.66666666666667,
    99.66666666666667,
    95.0,
    97.33333333333333,
    93.0,
    95.66666666666667,
    93.66666666666667,
    96.66666666666667,
    92.66666666666667,
    96.33333333333333,
    93.66666666666667,
    98.0,
    94.66666666666667,
    99.0,
    96.33333333333333,
    101.66666666666667,
    100.66666666666667,
    105.66666666666667,
    105.33333333333333,
    111.66666666666667,
    113.0,
    120.0,
    120.0,
    125.33333333333333,
    124.66666666666667,
    130.33333333333334,
    128.33333333333334,
    133.0,
    130.0,
    134.33333333333334,
    130.0,
    133.0,
    129.0,
    129.66666666666666,
    124.66666666666667,
    125.33333333333333,
    120.66666666666667,
    121.66666666666667,
    117.33333333333333,
    117.33333333333333,
    114.33333333333333,
    115.66666666666667,
    112.33333333333333,
    114.66666666666667,
    112.0,
    115.0,
    111.0,
    116.0,
    112.0,
    116.33333333333333,
    111.0,
    115.33333333333333,
    108.66666666666667,
    111.33333333333333,
    103.33333333333333,
    104.33333333333333,
    96.0,
    94.66666666666667,
    85.66666666666667,
    82.33333333333333,
    73.0,
    68.0,
    59.333333333333336,
    53.333333333333336,
    45.0,
    39.0,
    31.333333333333332,
    26.333333333333332,
    20.666666666666668,
    17.0,
    13.333333333333334
  ],
  "flat_top_center_px": 53.46052940419675,
  "flat_top_half_width_px": 31.78254419340049,
  "flat_top_bounds_px": [
    22,
    85
  ],
  "flat_top_mean_intensity": 112.35978835978837,
  "rms_percent": 10.789203810624757,
  "pk_pk_percent": 37.083254850254285,
  "plot_path": "docs/sweep_sheet/param_sweep/fresnel_sd_1200_plot.png"
}