{
  "after_path": "data/sheet/testfile_sheet_after.bmp",
  "roi_bbox_y0y1x0x1": [
    1671,
    1713,
    1938,
    2040
  ],
  "roi_shape_yx": [
    42,
    102
  ],
  "major_is_y": false,
  "profile_length_px": 102,
  "profile_values": [
    30.0,
    33.666666666666664,
    36.0,
    40.333333333333336,
    43.0,
    47.666666666666664,
    50.666666666666664,
    55.333333333333336,
    59.0,
    64.33333333333333,
    68.66666666666667,
    75.33333333333333,
    79.0,
    87.0,
    92.0,
    99.33333333333333,
    103.0,
    111.66666666666667,
    113.66666666666667,
    120.66666666666667,
    121.0,
    125.66666666666667,
    123.33333333333333,
    127.0,
    121.0,
    121.66666666666667,
    116.33333333333333,
    113.66666666666667,
    107.0,
    104.66666666666667,
    97.33333333333333,
    95.66666666666667,
    90.33333333333333,
    89.66666666666667,
    84.66666666666667,
    85.66666666666667,
    81.0,
    84.0,
    82.0,
    86.0,
    83.66666666666667,
    88.66666666666667,
    87.0,
    92.33333333333333,
    90.33333333333333,
    95.0,
    93.33333333333333,
    98.66666666666667,
    97.66666666666667,
    102.0,
    100.66666666666667,
    105.0,
    105.33333333333333,
    111.0,
    110.0,
    114.66666666666667,
    113.33333333333333,
    119.0,
    117.66666666666667,
    122.66666666666667,
    122.0,
    127.0,
    124.33333333333333,
    129.33333333333334,
    127.33333333333333,
    131.66666666666666,
    127.66666666666667,
    129.33333333333334,
    125.66666666666667,
    127.0,
    122.33333333333333,
    121.66666666666667,
    116.66666666666667,
    117.33333333333333,
    111.66666666666667,
    113.0,
    107.0,
    108.66666666666667,
    103.0,
    106.0,
    100.0,
    103.66666666666667,
    98.0,
    101.33333333333333,
    96.66666666666667,
    99.66666666666667,
    94.33333333333333,
    96.33333333333333,
    89.66666666666667,
    89.33333333333333,
    82.66666666666667,
    80.66666666666667,
    72.66666666666667,
    68.66666666666667,
    59.333333333333336,
    53.666666666666664,
    45.0,
    39.666666666666664,
    31.333333333333332,
    26.0,
    20.333333333333332,
    16.666666666666668
  ],
  "flat_top_center_px": 61.19926465210385,
  "flat_top_half_width_px": 43.91167549786022,
  "flat_top_bounds_px": [
    17,
    102
  ],
  "flat_top_mean_intensity": 99.01176470588236,
  "rms_percent": 25.697750928460476,
  "pk_pk_percent": 116.1478136882129,
  "plot_path": "docs/sweep_sheet/param_sweep/fresnel_sd_1800_plot.png"
}