{
  "after_path": "data/sheet/testfile_sheet_after.bmp",
  "roi_bbox_y0y1x0x1": [
    1671,
    1713,
    1937,
    2040
  ],
  "roi_shape_yx": [
    42,
    103
  ],
  "major_is_y": false,
  "profile_length_px": 103,
  "profile_values": [
    28.333333333333332,
    30.333333333333332,
    34.333333333333336,
    36.666666666666664,
    41.333333333333336,
    44.0,
    48.666666666666664,
    51.666666666666664,
    56.666666666666664,
    60.0,
    66.0,
    70.66666666666667,
    78.0,
    81.66666666666667,
    89.66666666666667,
    95.0,
    103.0,
    106.33333333333333,
    115.0,
    117.0,
    124.33333333333333,
    123.66666666666667,
    128.66666666666666,
    125.66666666666667,
    128.33333333333334,
    122.66666666666667,
    122.33333333333333,
    116.33333333333333,
    115.0,
    108.66666666666667,
    106.0,
    99.66666666666667,
    98.33333333333333,
    93.33333333333333,
    93.66666666666667,
    88.66666666666667,
    90.66666666666667,
    86.33333333333333,
    89.33333333333333,
    87.0,
    91.0,
    88.66666666666667,
    93.33333333333333,
    91.0,
    95.66666666666667,
    93.0,
    98.0,
    95.66666666666667,
    101.0,
    100.0,
    105.0,
    103.0,
    108.66666666666667,
    109.33333333333333,
    115.0,
    115.66666666666667,
    120.33333333333333,
    119.33333333333333,
    124.66666666666667,
    123.66666666666667,
    129.33333333333334,
    127.66666666666667,
    132.66666666666666,
    130.0,
    133.33333333333334,
    131.66666666666666,
    134.0,
    129.66666666666666,
    130.33333333333334,
    126.66666666666667,
    127.66666666666667,
    123.33333333333333,
    122.66666666666667,
    117.66666666666667,
    118.0,
    114.0,
    115.66666666666667,
    110.33333333333333,
    113.33333333333333,
    107.33333333333333,
    111.33333333333333,
    106.33333333333333,
    110.0,
    104.66666666666667,
    108.0,
    102.33333333333333,
    105.33333333333333,
    98.66666666666667,
    100.66666666666667,
    93.66666666666667,
    93.33333333333333,
    85.33333333333333,
    84.0,
    74.33333333333333,
    70.33333333333333,
    61.666666666666664,
    55.666666666666664,
    46.333333333333336,
    40.666666666666664,
    32.666666666666664,
    27.0,
    21.333333333333332,
    17.333333333333332
  ],
  "flat_top_center_px": 62.23748353556268,
  "flat_top_half_width_px": 43.862666901070895,
  "flat_top_bounds_px": [
    18,
    103
  ],
  "flat_top_mean_intensity": 102.34117647058824,
  "rms_percent": 25.245497136141257,
  "pk_pk_percent": 113.99777752232059,
  "plot_path": "docs/sweep_sheet/param_sweep/fresnel_sd_1600_plot.png"
}