{
  "after_path": "data/sheet/testfile_sheet_after.bmp",
  "roi_bbox_y0y1x0x1": [
    1671,
    1713,
    1934,
    2041
  ],
  "roi_shape_yx": [
    42,
    107
  ],
  "major_is_y": false,
  "profile_length_px": 107,
  "profile_values": [
    16.333333333333332,
    19.666666666666668,
    21.666666666666668,
    25.666666666666668,
    28.333333333333332,
    33.666666666666664,
    37.0,
    42.333333333333336,
    46.666666666666664,
    53.0,
    57.0,
    63.333333333333336,
    67.66666666666667,
    75.66666666666667,
    79.33333333333333,
    87.66666666666667,
    89.33333333333333,
    97.0,
    100.0,
    106.33333333333333,
    107.33333333333333,
    113.33333333333333,
    112.66666666666667,
    117.0,
    115.33333333333333,
    118.33333333333333,
    114.66666666666667,
    116.33333333333333,
    112.33333333333333,
    113.66666666666667,
    109.66666666666667,
    110.33333333333333,
    106.0,
    106.66666666666667,
    102.0,
    103.33333333333333,
    100.33333333333333,
    102.33333333333333,
    97.0,
    99.33333333333333,
    94.33333333333333,
    97.0,
    94.33333333333333,
    96.33333333333333,
    93.0,
    95.33333333333333,
    91.66666666666667,
    95.0,
    92.33333333333333,
    96.0,
    93.66666666666667,
    99.0,
    99.0,
    104.0,
    103.33333333333333,
    110.33333333333333,
    111.66666666666667,
    118.0,
    118.33333333333333,
    124.33333333333333,
    122.66666666666667,
    128.66666666666666,
    125.66666666666667,
    130.66666666666666,
    129.0,
    131.66666666666666,
    126.66666666666667,
    129.33333333333334,
    125.66666666666667,
    127.33333333333333,
    121.66666666666667,
    122.33333333333333,
    117.33333333333333,
    118.33333333333333,
    114.66666666666667,
    114.33333333333333,
    111.66666666666667,
    113.33333333333333,
    110.66666666666667,
    114.0,
    111.33333333333333,
    115.33333333333333,
    111.66666666666667,
    117.0,
    113.0,
    117.66666666666667,
    112.0,
    115.66666666666667,
    109.66666666666667,
    111.33333333333333,
    104.0,
    103.33333333333333,
    94.66666666666667,
    92.66666666666667,
    83.66666666666667,
    80.0,
    70.66666666666667,
    65.66666666666667,
    57.0,
    51.0,
    43.333333333333336,
    38.0,
    30.666666666666668,
    25.666666666666668,
    20.333333333333332,
    17.333333333333332,
    13.666666666666666
  ],
  "flat_top_center_px": 63.35136170857455,
  "flat_top_half_width_px": 43.1597602567263,
  "flat_top_bounds_px": [
    20,
    107
  ],
  "flat_top_mean_intensity": 100.77011494252874,
  "rms_percent": 26.404983560959735,
  "pk_pk_percent": 117.09820919356676,
  "plot_path": "docs/sweep_sheet/param_sweep/fresnel_sd_1000_plot.png"
}