{
  "after_path": "data/sheet/testfile_sheet_after.bmp",
  "roi_bbox_y0y1x0x1": [
    1671,
    1714,
    1939,
    2039
  ],
  "roi_shape_yx": [
    43,
    100
  ],
  "major_is_y": false,
  "profile_length_px": 100,
  "profile_values": [
    30.666666666666668,
    33.0,
    36.666666666666664,
    40.0,
    44.0,
    47.0,
    51.0,
    54.333333333333336,
    60.333333333333336,
    64.33333333333333,
    70.33333333333333,
    74.0,
    81.33333333333333,
    86.0,
    92.33333333333333,
    96.0,
    103.0,
    106.0,
    112.33333333333333,
    112.66666666666667,
    118.0,
    116.33333333333333,
    119.66666666666667,
    115.33333333333333,
    116.0,
    111.66666666666667,
    110.0,
    103.66666666666667,
    101.66666666666667,
    94.33333333333333,
    91.66666666666667,
    86.33333333333333,
    85.33333333333333,
    80.0,
    79.66666666666667,
    76.33333333333333,
    77.66666666666667,
    76.0,
    79.66666666666667,
    77.66666666666667,
    82.66666666666667,
    81.33333333333333,
    86.66666666666667,
    86.0,
    90.66666666666667,
    89.66666666666667,
    95.0,
    94.0,
    98.66666666666667,
    96.66666666666667,
    101.66666666666667,
    100.33333333333333,
    105.33333333333333,
    104.0,
    108.66666666666667,
    106.33333333333333,
    112.0,
    110.0,
    114.66666666666667,
    114.0,
    119.33333333333333,
    118.0,
    122.66666666666667,
    121.33333333333333,
    125.33333333333333,
    122.66666666666667,
    124.66666666666667,
    122.0,
    123.66666666666667,
    119.66666666666667,
    118.33333333333333,
    113.66666666666667,
    113.0,
    107.33333333333333,
    108.0,
    102.0,
    102.33333333333333,
    96.66666666666667,
    99.0,
    93.0,
    96.0,
    90.33333333333333,
    94.0,
    90.0,
    92.33333333333333,
    88.0,
    90.0,
    85.0,
    84.66666666666667,
    78.33333333333333,
    77.0,
    69.0,
    65.0,
    57.333333333333336,
    51.666666666666664,
    43.333333333333336,
    38.0,
    30.0,
    24.666666666666668,
    19.333333333333332
  ],
  "flat_top_center_px": 60.03566670053743,
  "flat_top_half_width_px": 43.427444541315026,
  "flat_top_bounds_px": [
    17,
    100
  ],
  "flat_top_mean_intensity": 94.73493975903614,
  "rms_percent": 24.29547791702019,
  "pk_pk_percent": 111.89113569884269,
  "plot_path": "docs/sweep_sheet/param_sweep/fresnel_sd_2000_plot.png"
}