{
  "after_path": "data/sheet/testfile_sheet_after.bmp",
  "roi_bbox_y0y1x0x1": [
    1671,
    1713,
    1937,
    2040
  ],
  "roi_shape_yx": [
    42,
    103
  ],
  "major_is_y": false,
  "profile_length_px": 103,
  "profile_values": [
    28.0,
    30.333333333333332,
    34.666666666666664,
    37.666666666666664,
    42.0,
    45.333333333333336,
    50.333333333333336,
    53.0,
    58.333333333333336,
    62.0,
    68.66666666666667,
    73.0,
    81.0,
    85.0,
    93.0,
    98.0,
    106.33333333333333,
    109.33333333333333,
    118.0,
    119.0,
    126.0,
    125.33333333333333,
    129.66666666666666,
    125.66666666666667,
    128.33333333333334,
    122.33333333333333,
    122.33333333333333,
    116.66666666666667,
    115.66666666666667,
    110.0,
    108.33333333333333,
    102.66666666666667,
    102.0,
    98.0,
    99.0,
    94.0,
    96.66666666666667,
    92.33333333333333,
    95.33333333333333,
    93.0,
    97.0,
    93.66666666666667,
    97.66666666666667,
    94.66666666666667,
    99.0,
    96.0,
    100.66666666666667,
    98.66666666666667,
    103.33333333333333,
    102.33333333333333,
    106.66666666666667,
    106.0,
    112.0,
    113.0,
    120.0,
    120.0,
    125.66666666666667,
    124.0,
    131.0,
    129.0,
    134.33333333333334,
    132.33333333333334,
    136.33333333333334,
    133.0,
    136.66666666666666,
    133.0,
    135.33333333333334,
    130.33333333333334,
    130.66666666666666,
    126.66666666666667,
    127.33333333333333,
    123.33333333333333,
    122.33333333333333,
    118.33333333333333,
    119.66666666666667,
    115.33333333333333,
    118.33333333333333,
    114.0,
    117.0,
    112.33333333333333,
    116.33333333333333,
    111.66666666666667,
    115.66666666666667,
    110.33333333333333,
    114.33333333333333,
    108.0,
    110.66666666666667,
    104.0,
    105.33333333333333,
    97.66666666666667,
    97.0,
    88.66666666666667,
    85.66666666666667,
    76.33333333333333,
    71.66666666666667,
    62.666666666666664,
    56.333333333333336,
    47.333333333333336,
    41.0,
    33.666666666666664,
    27.666666666666668,
    21.666666666666668,
    18.0
  ],
  "flat_top_center_px": 61.348874925034956,
  "flat_top_half_width_px": 43.02303764443893,
  "flat_top_bounds_px": [
    18,
    103
  ],
  "flat_top_mean_intensity": 105.28235294117646,
  "rms_percent": 24.758761611859143,
  "pk_pk_percent": 112.71277982642383,
  "plot_path": "docs/sweep_sheet/param_sweep/fresnel_sd_1400_plot.png"
}