{
  "after_path": "C:/Users/Galileo/slm_runner/data/sheet/testfile_sheet_after.bmp",
  "before_path": "C:/Users/Galileo/slm_runner/data/sheet/testfile_sheet_before.bmp",
  "dark_corrected": true,
  "cam_pitch_um": 1.85,
  "roi_bbox_y0y1x0x1": [
    1542,
    1590,
    1515,
    1658
  ],
  "roi_shape_yx": [
    48,
    143
  ],
  "roi_size_um_yx": [
    88.8,
    264.55
  ],
  "major_is_y": false,
  "profile_length_px": 143,
  "profile_values": [
    16.333333333333332,
    18.666666666666668,
    22.666666666666668,
    26.0,
    30.666666666666668,
    34.0,
    38.666666666666664,
    42.666666666666664,
    46.666666666666664,
    50.666666666666664,
    55.333333333333336,
    58.333333333333336,
    62.666666666666664,
    65.0,
    70.0,
    71.66666666666667,
    75.33333333333333,
    77.0,
    80.0,
    81.33333333333333,
    83.33333333333333,
    84.0,
    86.66666666666667,
    87.33333333333333,
    88.33333333333333,
    89.33333333333333,
    91.0,
    90.66666666666667,
    92.33333333333333,
    92.66666666666667,
    93.66666666666667,
    94.33333333333333,
    95.33333333333333,
    95.66666666666667,
    96.66666666666667,
    97.33333333333333,
    98.0,
    98.0,
    99.33333333333333,
    99.0,
    99.66666666666667,
    100.0,
    101.66666666666667,
    100.33333333333333,
    102.66666666666667,
    102.33333333333333,
    103.0,
    101.0,
    103.0,
    101.33333333333333,
    103.0,
    102.66666666666667,
    105.0,
    102.66666666666667,
    105.0,
    103.66666666666667,
    105.66666666666667,
    104.33333333333333,
    106.66666666666667,
    105.0,
    106.33333333333333,
    105.66666666666667,
    106.66666666666667,
    106.0,
    106.66666666666667,
    106.66666666666667,
    108.0,
    106.33333333333333,
    108.0,
    106.66666666666667,
    107.33333333333333,
    106.0,
    107.0,
    105.33333333333333,
    106.0,
    105.0,
    105.66666666666667,
    104.66666666666667,
    105.66666666666667,
    105.33333333333333,
    106.33333333333333,
    105.66666666666667,
    105.66666666666667,
    105.33333333333333,
    106.0,
    105.0,
    105.66666666666667,
    105.66666666666667,
    106.66666666666667,
    105.0,
    107.0,
    106.0,
    107.0,
    106.66666666666667,
    107.0,
    105.66666666666667,
    107.66666666666667,
    106.33333333333333,
    107.33333333333333,
    105.66666666666667,
    107.0,
    104.66666666666667,
    105.33333333333333,
    104.33333333333333,
    103.66666666666667,
    103.0,
    102.33333333333333,
    101.33333333333333,
    100.0,
    98.33333333333333,
    98.33333333333333,
    95.0,
    95.33333333333333,
    94.66666666666667,
    94.0,
    91.33333333333333,
    91.66666666666667,
    90.0,
    90.0,
    87.0,
    88.0,
    85.33333333333333,
    86.33333333333333,
    83.0,
    82.0,
    80.66666666666667,
    79.0,
    76.0,
    73.66666666666667,
    70.0,
    66.33333333333333,
    63.666666666666664,
    59.333333333333336,
    55.0,
    51.666666666666664,
    45.666666666666664,
    42.0,
    36.0,
    32.0,
    26.666666666666668,
    23.0,
    18.333333333333332,
    15.666666666666666
  ],
  "profile_slice_minor_px": [
    22,
    25
  ],
  "profile_slice_minor_um": [
    40.7,
    46.25
  ],
  "flat_top_center_px": 71.41406284578004,
  "flat_top_half_width_px": 30.924020137695024,
  "flat_top_bounds_px": [
    40,
    102
  ],
  "flat_top_width_um": 114.7,
  "flat_top_mean_intensity": 105.13978494623656,
  "rms_percent": 1.8898729260454543,
  "pk_pk_percent": 7.925956228267534,
  "plot_path": "C:\\Users\\Galileo\\slm_runner\\data\\sheet\\testfile_sheet_analysis.png"
}