{
  "after_path": "C:/Users/Galileo/slm_runner/data/sheet/testfile_sheet_after.bmp",
  "before_path": "C:/Users/Galileo/slm_runner/data/sheet/testfile_sheet_before.bmp",
  "dark_corrected": true,
  "cam_pitch_um": 1.85,
  "roi_bbox_y0y1x0x1": [
    1540,
    1592,
    1515,
    1658
  ],
  "roi_shape_yx": [
    52,
    143
  ],
  "roi_size_um_yx": [
    96.2,
    264.55
  ],
  "major_is_y": false,
  "profile_length_px": 143,
  "profile_values": [
    20.0,
    20.0,
    23.0,
    25.666666666666668,
    29.0,
    32.333333333333336,
    37.0,
    41.333333333333336,
    46.0,
    49.666666666666664,
    55.333333333333336,
    58.333333333333336,
    64.0,
    66.0,
    71.66666666666667,
    73.33333333333333,
    77.33333333333333,
    79.66666666666667,
    82.0,
    83.66666666666667,
    85.66666666666667,
    86.66666666666667,
    88.33333333333333,
    88.66666666666667,
    90.0,
    89.0,
    90.33333333333333,
    89.66666666666667,
    90.66666666666667,
    90.66666666666667,
    90.66666666666667,
    91.33333333333333,
    92.33333333333333,
    91.66666666666667,
    94.33333333333333,
    94.33333333333333,
    95.0,
    95.0,
    96.66666666666667,
    97.0,
    97.66666666666667,
    98.33333333333333,
    99.0,
    98.66666666666667,
    101.0,
    101.0,
    102.33333333333333,
    101.33333333333333,
    102.33333333333333,
    100.66666666666667,
    103.0,
    102.0,
    104.33333333333333,
    102.66666666666667,
    104.33333333333333,
    103.0,
    105.0,
    103.33333333333333,
    105.66666666666667,
    105.0,
    106.33333333333333,
    104.66666666666667,
    105.33333333333333,
    104.0,
    106.33333333333333,
    105.66666666666667,
    105.66666666666667,
    105.33333333333333,
    106.0,
    105.0,
    107.33333333333333,
    105.0,
    106.0,
    105.33333333333333,
    106.33333333333333,
    105.33333333333333,
    105.33333333333333,
    104.0,
    105.33333333333333,
    104.33333333333333,
    106.0,
    105.0,
    106.0,
    105.0,
    105.0,
    103.66666666666667,
    104.66666666666667,
    104.33333333333333,
    105.33333333333333,
    103.66666666666667,
    105.33333333333333,
    104.66666666666667,
    106.0,
    105.0,
    106.0,
    104.0,
    106.0,
    104.33333333333333,
    105.66666666666667,
    105.0,
    105.66666666666667,
    103.33333333333333,
    105.0,
    102.33333333333333,
    102.0,
    101.33333333333333,
    101.66666666666667,
    98.66666666666667,
    99.0,
    97.33333333333333,
    97.33333333333333,
    95.0,
    96.0,
    93.33333333333333,
    94.0,
    92.0,
    92.0,
    90.0,
    90.0,
    88.0,
    88.33333333333333,
    85.33333333333333,
    86.33333333333333,
    82.66666666666667,
    81.66666666666667,
    79.66666666666667,
    77.66666666666667,
    74.66666666666667,
    72.0,
    69.33333333333333,
    65.0,
    61.0,
    57.333333333333336,
    53.0,
    48.333333333333336,
    43.666666666666664,
    40.0,
    34.666666666666664,
    31.0,
    26.333333333333332,
    23.0,
    18.666666666666668,
    16.666666666666668
  ],
  "profile_slice_minor_px": [
    24,
    27
  ],
  "profile_slice_minor_um": [
    44.4,
    49.95
  ],
  "flat_top_center_px": 71.20846148357667,
  "flat_top_half_width_px": 31.88269319179812,
  "flat_top_bounds_px": [
    39,
    103
  ],
  "flat_top_width_um": 118.4,
  "flat_top_mean_intensity": 104.078125,
  "rms_percent": 2.1497507038652444,
  "pk_pk_percent": 9.928439173297297,
  "plot_path": "C:\\Users\\Galileo\\slm_runner\\data\\sheet\\testfile_sheet_analysis.png"
}