{
  "after_path": "C:/Users/Galileo/slm_runner/data/sheet/testfile_sheet_after.bmp",
  "before_path": "C:/Users/Galileo/slm_runner/data/sheet/testfile_sheet_before.bmp",
  "dark_corrected": true,
  "cam_pitch_um": 1.85,
  "roi_bbox_y0y1x0x1": [
    1539,
    1594,
    1515,
    1658
  ],
  "roi_shape_yx": [
    55,
    143
  ],
  "roi_size_um_yx": [
    101.75,
    264.55
  ],
  "major_is_y": false,
  "profile_length_px": 143,
  "profile_values": [
    24.333333333333332,
    24.666666666666668,
    26.666666666666668,
    27.333333333333332,
    30.0,
    32.666666666666664,
    37.0,
    41.333333333333336,
    45.666666666666664,
    48.666666666666664,
    55.333333333333336,
    59.0,
    64.66666666666667,
    68.0,
    73.33333333333333,
    75.33333333333333,
    79.33333333333333,
    82.33333333333333,
    85.33333333333333,
    87.0,
    88.66666666666667,
    89.33333333333333,
    90.66666666666667,
    91.0,
    92.66666666666667,
    91.66666666666667,
    93.0,
    92.0,
    92.33333333333333,
    92.66666666666667,
    92.66666666666667,
    92.66666666666667,
    94.0,
    93.0,
    94.0,
    94.33333333333333,
    96.33333333333333,
    95.66666666666667,
    97.0,
    97.66666666666667,
    98.33333333333333,
    99.0,
    101.0,
    99.66666666666667,
    101.66666666666667,
    102.0,
    103.66666666666667,
    102.66666666666667,
    103.66666666666667,
    102.33333333333333,
    103.66666666666667,
    103.0,
    104.0,
    103.0,
    104.33333333333333,
    103.33333333333333,
    104.33333333333333,
    103.66666666666667,
    105.0,
    103.66666666666667,
    105.0,
    102.66666666666667,
    104.0,
    103.66666666666667,
    104.0,
    103.66666666666667,
    104.33333333333333,
    102.66666666666667,
    105.0,
    104.0,
    104.66666666666667,
    104.0,
    105.0,
    104.33333333333333,
    104.0,
    104.0,
    105.0,
    104.0,
    105.0,
    104.33333333333333,
    105.0,
    103.66666666666667,
    105.0,
    104.66666666666667,
    104.33333333333333,
    103.66666666666667,
    104.33333333333333,
    104.66666666666667,
    104.33333333333333,
    102.66666666666667,
    104.33333333333333,
    102.33333333333333,
    104.0,
    102.33333333333333,
    103.33333333333333,
    101.66666666666667,
    103.33333333333333,
    101.33333333333333,
    103.0,
    100.33333333333333,
    102.33333333333333,
    100.66666666666667,
    101.0,
    100.0,
    100.33333333333333,
    99.33333333333333,
    99.0,
    98.66666666666667,
    98.0,
    97.33333333333333,
    98.0,
    95.66666666666667,
    96.33333333333333,
    95.66666666666667,
    95.33333333333333,
    95.0,
    94.66666666666667,
    93.33333333333333,
    94.0,
    91.66666666666667,
    90.66666666666667,
    88.33333333333333,
    87.33333333333333,
    83.66666666666667,
    82.33333333333333,
    78.0,
    76.66666666666667,
    72.0,
    68.66666666666667,
    65.0,
    61.333333333333336,
    56.0,
    52.333333333333336,
    47.666666666666664,
    44.333333333333336,
    39.666666666666664,
    35.333333333333336,
    31.333333333333332,
    27.666666666666668,
    23.333333333333332,
    20.666666666666668,
    19.666666666666668,
    18.0
  ],
  "profile_slice_minor_px": [
    25,
    28
  ],
  "profile_slice_minor_um": [
    46.25,
    51.8
  ],
  "flat_top_center_px": 58.19043773408039,
  "flat_top_half_width_px": 59.20830486366346,
  "flat_top_bounds_px": [
    0,
    117
  ],
  "flat_top_width_um": 216.45,
  "flat_top_mean_intensity": 92.3105413105413,
  "rms_percent": 21.942655454985573,
  "pk_pk_percent": 87.38619178420421,
  "plot_path": "C:\\Users\\Galileo\\slm_runner\\data\\sheet\\testfile_sheet_analysis.png"
}