{
  "after_path": "C:/Users/Galileo/slm_runner/data/sheet/testfile_sheet_after.bmp",
  "before_path": "C:/Users/Galileo/slm_runner/data/sheet/testfile_sheet_before.bmp",
  "dark_corrected": true,
  "cam_pitch_um": 1.85,
  "roi_bbox_y0y1x0x1": [
    1541,
    1591,
    1515,
    1659
  ],
  "roi_shape_yx": [
    50,
    144
  ],
  "roi_size_um_yx": [
    92.5,
    266.4
  ],
  "major_is_y": false,
  "profile_length_px": 144,
  "profile_values": [
    16.0,
    17.333333333333332,
    20.666666666666668,
    23.0,
    27.666666666666668,
    31.0,
    36.0,
    39.333333333333336,
    44.333333333333336,
    48.0,
    53.0,
    55.0,
    60.0,
    62.333333333333336,
    66.33333333333333,
    69.0,
    72.0,
    74.0,
    76.66666666666667,
    78.33333333333333,
    80.0,
    80.33333333333333,
    82.66666666666667,
    83.33333333333333,
    85.66666666666667,
    84.33333333333333,
    86.66666666666667,
    86.0,
    87.33333333333333,
    86.66666666666667,
    88.0,
    88.0,
    90.0,
    89.33333333333333,
    91.0,
    91.33333333333333,
    93.0,
    92.66666666666667,
    94.33333333333333,
    94.33333333333333,
    95.0,
    95.66666666666667,
    96.33333333333333,
    96.33333333333333,
    97.0,
    97.33333333333333,
    98.66666666666667,
    97.66666666666667,
    99.33333333333333,
    97.33333333333333,
    99.33333333333333,
    98.66666666666667,
    100.0,
    99.33333333333333,
    101.33333333333333,
    100.0,
    101.66666666666667,
    100.66666666666667,
    103.66666666666667,
    101.0,
    103.66666666666667,
    102.33333333333333,
    103.0,
    103.66666666666667,
    103.33333333333333,
    103.66666666666667,
    104.66666666666667,
    103.33333333333333,
    105.33333333333333,
    104.0,
    105.0,
    103.0,
    104.66666666666667,
    103.0,
    104.0,
    103.0,
    104.0,
    102.0,
    103.0,
    102.66666666666667,
    103.66666666666667,
    103.33333333333333,
    104.0,
    103.0,
    103.0,
    102.66666666666667,
    103.33333333333333,
    102.66666666666667,
    103.66666666666667,
    102.0,
    104.66666666666667,
    103.66666666666667,
    104.66666666666667,
    104.0,
    105.33333333333333,
    104.0,
    105.66666666666667,
    104.0,
    106.0,
    104.33333333333333,
    106.0,
    103.66666666666667,
    104.33333333333333,
    103.33333333333333,
    102.33333333333333,
    101.33333333333333,
    100.66666666666667,
    98.66666666666667,
    97.0,
    95.33333333333333,
    95.66666666666667,
    92.0,
    93.0,
    90.33333333333333,
    90.33333333333333,
    88.66666666666667,
    89.0,
    86.66666666666667,
    86.33333333333333,
    84.66666666666667,
    84.66666666666667,
    82.66666666666667,
    82.66666666666667,
    80.0,
    79.66666666666667,
    77.33333333333333,
    75.66666666666667,
    73.66666666666667,
    71.33333333333333,
    68.0,
    65.33333333333333,
    61.333333333333336,
    57.666666666666664,
    53.333333333333336,
    49.666666666666664,
    44.666666666666664,
    41.666666666666664,
    35.666666666666664,
    32.333333333333336,
    26.333333333333332,
    22.666666666666668,
    18.666666666666668,
    16.0,
    14.333333333333334
  ],
  "profile_slice_minor_px": [
    23,
    26
  ],
  "profile_slice_minor_um": [
    42.55,
    48.1
  ],
  "flat_top_center_px": 93.23623477037833,
  "flat_top_half_width_px": 62.58490447849635,
  "flat_top_bounds_px": [
    31,
    144
  ],
  "flat_top_width_um": 209.05,
  "flat_top_mean_intensity": 90.03539823008852,
  "rms_percent": 24.179854534998995,
  "pk_pk_percent": 101.81180787628594,
  "plot_path": "C:\\Users\\Galileo\\slm_runner\\data\\sheet\\testfile_sheet_analysis.png"
}