{
  "after_path": "C:/Users/Galileo/slm_runner/data/sheet/testfile_sheet_after.bmp",
  "before_path": "C:/Users/Galileo/slm_runner/data/sheet/testfile_sheet_before.bmp",
  "dark_corrected": true,
  "cam_pitch_um": 1.85,
  "roi_bbox_y0y1x0x1": [
    1540,
    1594,
    1515,
    1658
  ],
  "roi_shape_yx": [
    54,
    143
  ],
  "roi_size_um_yx": [
    99.9,
    264.55
  ],
  "major_is_y": false,
  "profile_length_px": 143,
  "profile_values": [
    24.333333333333332,
    25.0,
    26.333333333333332,
    29.0,
    33.0,
    36.666666666666664,
    41.0,
    44.0,
    49.333333333333336,
    53.666666666666664,
    60.0,
    63.0,
    68.0,
    72.33333333333333,
    78.33333333333333,
    80.33333333333333,
    84.33333333333333,
    87.0,
    89.66666666666667,
    91.0,
    92.66666666666667,
    94.0,
    95.33333333333333,
    95.0,
    97.0,
    96.0,
    97.33333333333333,
    96.33333333333333,
    97.0,
    96.66666666666667,
    98.0,
    98.0,
    98.66666666666667,
    98.33333333333333,
    100.33333333333333,
    99.66666666666667,
    100.66666666666667,
    101.33333333333333,
    102.0,
    103.0,
    103.33333333333333,
    104.0,
    105.0,
    105.33333333333333,
    106.33333333333333,
    106.66666666666667,
    108.33333333333333,
    107.0,
    108.33333333333333,
    107.0,
    109.0,
    107.66666666666667,
    110.66666666666667,
    108.0,
    109.66666666666667,
    108.33333333333333,
    110.33333333333333,
    108.66666666666667,
    110.66666666666667,
    109.66666666666667,
    110.33333333333333,
    109.66666666666667,
    109.66666666666667,
    109.0,
    111.0,
    110.0,
    111.0,
    108.66666666666667,
    111.33333333333333,
    110.0,
    110.66666666666667,
    109.33333333333333,
    111.0,
    109.33333333333333,
    110.66666666666667,
    109.0,
    110.33333333333333,
    109.0,
    110.0,
    109.33333333333333,
    109.33333333333333,
    109.66666666666667,
    110.0,
    109.33333333333333,
    109.66666666666667,
    108.33333333333333,
    108.66666666666667,
    108.33333333333333,
    109.0,
    107.33333333333333,
    109.0,
    108.0,
    109.0,
    107.66666666666667,
    109.33333333333333,
    106.66666666666667,
    109.33333333333333,
    106.66666666666667,
    108.66666666666667,
    106.33333333333333,
    108.66666666666667,
    106.33333333333333,
    107.0,
    106.0,
    106.33333333333333,
    105.66666666666667,
    104.66666666666667,
    104.0,
    103.66666666666667,
    102.33333333333333,
    102.66666666666667,
    100.0,
    101.33333333333333,
    99.33333333333333,
    100.33333333333333,
    98.0,
    98.0,
    96.66666666666667,
    96.66666666666667,
    94.33333333333333,
    95.33333333333333,
    91.66666666666667,
    91.0,
    87.66666666666667,
    86.33333333333333,
    83.66666666666667,
    81.0,
    77.33333333333333,
    74.33333333333333,
    71.0,
    66.66666666666667,
    62.333333333333336,
    58.0,
    53.333333333333336,
    48.333333333333336,
    43.666666666666664,
    40.0,
    34.666666666666664,
    30.333333333333332,
    26.333333333333332,
    22.666666666666668,
    19.666666666666668,
    17.0
  ],
  "profile_slice_minor_px": [
    24,
    27
  ],
  "profile_slice_minor_um": [
    44.4,
    49.95
  ],
  "flat_top_center_px": 70.70167571658263,
  "flat_top_half_width_px": 34.59889391905881,
  "flat_top_bounds_px": [
    36,
    105
  ],
  "flat_top_width_um": 127.65,
  "flat_top_mean_intensity": 108.18840579710145,
  "rms_percent": 2.147768356497806,
  "pk_pk_percent": 9.85934360348291,
  "plot_path": "C:\\Users\\Galileo\\slm_runner\\data\\sheet\\testfile_sheet_analysis.png"
}