{
  "after_path": "C:/Users/Galileo/slm_runner/data/sheet/testfile_sheet_after.bmp",
  "before_path": "C:/Users/Galileo/slm_runner/data/sheet/testfile_sheet_before.bmp",
  "dark_corrected": true,
  "cam_pitch_um": 1.85,
  "roi_bbox_y0y1x0x1": [
    1542,
    1590,
    1515,
    1658
  ],
  "roi_shape_yx": [
    48,
    143
  ],
  "roi_size_um_yx": [
    88.8,
    264.55
  ],
  "major_is_y": false,
  "profile_length_px": 143,
  "profile_values": [
    16.333333333333332,
    19.0,
    22.333333333333332,
    25.0,
    30.333333333333332,
    33.0,
    38.0,
    42.0,
    46.333333333333336,
    49.0,
    54.333333333333336,
    57.666666666666664,
    61.666666666666664,
    64.33333333333333,
    68.66666666666667,
    71.0,
    74.0,
    76.33333333333333,
    78.66666666666667,
    80.33333333333333,
    82.33333333333333,
    83.0,
    85.33333333333333,
    86.0,
    87.66666666666667,
    87.33333333333333,
    89.33333333333333,
    88.66666666666667,
    90.33333333333333,
    90.0,
    91.0,
    91.66666666666667,
    92.66666666666667,
    92.66666666666667,
    94.0,
    95.33333333333333,
    95.33333333333333,
    95.33333333333333,
    97.0,
    97.66666666666667,
    97.66666666666667,
    98.66666666666667,
    99.66666666666667,
    98.66666666666667,
    99.0,
    99.66666666666667,
    102.33333333333333,
    100.33333333333333,
    102.0,
    99.33333333333333,
    102.0,
    100.33333333333333,
    103.33333333333333,
    101.0,
    103.0,
    102.33333333333333,
    104.66666666666667,
    102.66666666666667,
    105.0,
    103.0,
    105.33333333333333,
    104.33333333333333,
    105.66666666666667,
    105.0,
    106.33333333333333,
    105.33333333333333,
    106.0,
    105.0,
    106.33333333333333,
    105.33333333333333,
    107.0,
    104.66666666666667,
    105.0,
    104.66666666666667,
    105.66666666666667,
    104.33333333333333,
    105.33333333333333,
    103.0,
    104.33333333333333,
    103.66666666666667,
    104.33333333333333,
    104.66666666666667,
    105.0,
    104.0,
    103.66666666666667,
    104.33333333333333,
    104.66666666666667,
    103.33333333333333,
    105.33333333333333,
    103.33333333333333,
    105.66666666666667,
    104.66666666666667,
    106.66666666666667,
    104.66666666666667,
    105.66666666666667,
    105.0,
    106.33333333333333,
    105.33333333333333,
    106.33333333333333,
    104.66666666666667,
    105.33333333333333,
    104.0,
    104.33333333333333,
    104.0,
    103.33333333333333,
    101.33333333333333,
    101.0,
    99.66666666666667,
    98.33333333333333,
    96.66666666666667,
    96.33333333333333,
    93.66666666666667,
    93.66666666666667,
    92.33333333333333,
    92.66666666666667,
    90.33333333333333,
    90.33333333333333,
    88.33333333333333,
    88.66666666666667,
    87.0,
    86.33333333333333,
    84.33333333333333,
    84.0,
    81.66666666666667,
    80.66666666666667,
    78.33333333333333,
    77.66666666666667,
    74.0,
    72.66666666666667,
    68.66666666666667,
    66.66666666666667,
    62.666666666666664,
    58.666666666666664,
    54.333333333333336,
    50.333333333333336,
    44.666666666666664,
    41.0,
    36.0,
    31.666666666666668,
    26.666666666666668,
    22.0,
    18.666666666666668,
    15.333333333333334
  ],
  "profile_slice_minor_px": [
    22,
    25
  ],
  "profile_slice_minor_um": [
    40.7,
    46.25
  ],
  "flat_top_center_px": 71.43851922925595,
  "flat_top_half_width_px": 30.300686218393103,
  "flat_top_bounds_px": [
    41,
    102
  ],
  "flat_top_width_um": 112.85,
  "flat_top_mean_intensity": 103.87431693989069,
  "rms_percent": 2.031352890900156,
  "pk_pk_percent": 8.022515650481347,
  "plot_path": "C:\\Users\\Galileo\\slm_runner\\data\\sheet\\testfile_sheet_analysis.png"
}