{
  "after_path": "C:/Users/Galileo/slm_runner/data/sheet/testfile_sheet_after.bmp",
  "before_path": "C:/Users/Galileo/slm_runner/data/sheet/testfile_sheet_before.bmp",
  "dark_corrected": true,
  "cam_pitch_um": 1.85,
  "roi_bbox_y0y1x0x1": [
    1541,
    1592,
    1515,
    1659
  ],
  "roi_shape_yx": [
    51,
    144
  ],
  "roi_size_um_yx": [
    94.35,
    266.4
  ],
  "major_is_y": false,
  "profile_length_px": 144,
  "profile_values": [
    16.0,
    17.0,
    20.666666666666668,
    22.0,
    27.0,
    30.333333333333332,
    34.666666666666664,
    37.333333333333336,
    42.333333333333336,
    46.0,
    51.0,
    54.0,
    58.333333333333336,
    61.666666666666664,
    65.0,
    68.33333333333333,
    71.0,
    73.66666666666667,
    75.66666666666667,
    77.0,
    79.0,
    80.33333333333333,
    81.66666666666667,
    83.0,
    83.33333333333333,
    83.0,
    84.0,
    83.33333333333333,
    85.33333333333333,
    84.33333333333333,
    85.66666666666667,
    85.66666666666667,
    86.66666666666667,
    86.33333333333333,
    87.66666666666667,
    89.33333333333333,
    90.33333333333333,
    90.0,
    91.66666666666667,
    91.33333333333333,
    93.0,
    93.0,
    94.0,
    94.0,
    95.66666666666667,
    95.0,
    96.66666666666667,
    95.66666666666667,
    97.0,
    96.0,
    98.0,
    96.66666666666667,
    99.33333333333333,
    96.66666666666667,
    100.0,
    98.33333333333333,
    100.0,
    98.66666666666667,
    100.33333333333333,
    100.33333333333333,
    101.66666666666667,
    100.0,
    102.0,
    101.33333333333333,
    102.33333333333333,
    101.33333333333333,
    103.66666666666667,
    101.66666666666667,
    103.33333333333333,
    101.0,
    103.0,
    101.33333333333333,
    102.33333333333333,
    101.66666666666667,
    102.0,
    101.0,
    102.33333333333333,
    101.0,
    101.33333333333333,
    101.0,
    101.33333333333333,
    100.66666666666667,
    102.0,
    101.0,
    101.33333333333333,
    100.0,
    101.33333333333333,
    101.0,
    102.0,
    100.66666666666667,
    102.66666666666667,
    102.33333333333333,
    103.66666666666667,
    103.0,
    104.0,
    102.0,
    104.33333333333333,
    103.0,
    104.33333333333333,
    102.0,
    104.66666666666667,
    102.0,
    102.66666666666667,
    101.33333333333333,
    101.0,
    99.66666666666667,
    99.33333333333333,
    96.66666666666667,
    96.0,
    94.66666666666667,
    94.0,
    90.66666666666667,
    90.66666666666667,
    89.33333333333333,
    89.0,
    87.33333333333333,
    87.66666666666667,
    85.66666666666667,
    85.66666666666667,
    83.0,
    83.0,
    81.33333333333333,
    82.0,
    78.33333333333333,
    78.33333333333333,
    76.66666666666667,
    74.33333333333333,
    71.33333333333333,
    69.66666666666667,
    66.66666666666667,
    63.0,
    60.0,
    57.0,
    53.0,
    48.666666666666664,
    44.0,
    39.666666666666664,
    35.333333333333336,
    30.333333333333332,
    27.0,
    22.333333333333332,
    19.333333333333332,
    16.666666666666668,
    15.333333333333334
  ],
  "profile_slice_minor_px": [
    23,
    26
  ],
  "profile_slice_minor_um": [
    42.55,
    48.1
  ],
  "flat_top_center_px": 93.46855613668133,
  "flat_top_half_width_px": 63.88802502345219,
  "flat_top_bounds_px": [
    30,
    144
  ],
  "flat_top_width_um": 210.9,
  "flat_top_mean_intensity": 88.38011695906431,
  "rms_percent": 24.036463489530885,
  "pk_pk_percent": 101.07854165288165,
  "plot_path": "C:\\Users\\Galileo\\slm_runner\\data\\sheet\\testfile_sheet_analysis.png"
}