{
  "after_path": "C:/Users/Galileo/slm_runner/data/sheet/testfile_sheet_after.bmp",
  "before_path": "C:/Users/Galileo/slm_runner/data/sheet/testfile_sheet_before.bmp",
  "dark_corrected": true,
  "cam_pitch_um": 1.85,
  "roi_bbox_y0y1x0x1": [
    1541,
    1592,
    1515,
    1659
  ],
  "roi_shape_yx": [
    51,
    144
  ],
  "roi_size_um_yx": [
    94.35,
    266.4
  ],
  "major_is_y": false,
  "profile_length_px": 144,
  "profile_values": [
    16.666666666666668,
    18.333333333333332,
    21.0,
    23.0,
    27.0,
    29.666666666666668,
    35.0,
    38.333333333333336,
    43.0,
    46.333333333333336,
    51.333333333333336,
    54.0,
    59.0,
    61.333333333333336,
    66.0,
    68.33333333333333,
    72.33333333333333,
    73.66666666666667,
    77.0,
    78.0,
    79.66666666666667,
    80.0,
    82.33333333333333,
    82.66666666666667,
    84.0,
    84.0,
    85.0,
    84.33333333333333,
    86.33333333333333,
    85.66666666666667,
    86.66666666666667,
    87.33333333333333,
    88.33333333333333,
    88.0,
    90.0,
    90.66666666666667,
    91.66666666666667,
    91.33333333333333,
    93.0,
    93.0,
    93.33333333333333,
    94.0,
    94.66666666666667,
    94.66666666666667,
    97.0,
    96.66666666666667,
    98.0,
    96.33333333333333,
    98.66666666666667,
    96.66666666666667,
    99.33333333333333,
    97.0,
    99.33333333333333,
    98.0,
    100.33333333333333,
    98.66666666666667,
    102.0,
    99.66666666666667,
    101.0,
    100.0,
    102.33333333333333,
    101.0,
    101.66666666666667,
    102.0,
    102.33333333333333,
    102.0,
    103.0,
    101.66666666666667,
    103.33333333333333,
    102.33333333333333,
    103.66666666666667,
    102.0,
    102.66666666666667,
    101.33333333333333,
    102.66666666666667,
    101.0,
    102.66666666666667,
    101.0,
    101.66666666666667,
    101.33333333333333,
    102.66666666666667,
    101.66666666666667,
    102.66666666666667,
    101.66666666666667,
    102.0,
    101.0,
    101.33333333333333,
    100.33333333333333,
    102.33333333333333,
    100.0,
    102.33333333333333,
    101.66666666666667,
    103.66666666666667,
    101.33333333333333,
    103.0,
    102.33333333333333,
    103.66666666666667,
    102.66666666666667,
    103.33333333333333,
    102.0,
    104.33333333333333,
    101.33333333333333,
    102.0,
    100.66666666666667,
    100.33333333333333,
    99.0,
    97.66666666666667,
    97.0,
    95.33333333333333,
    94.0,
    94.0,
    90.33333333333333,
    91.0,
    89.33333333333333,
    89.0,
    87.0,
    88.0,
    86.0,
    85.66666666666667,
    83.66666666666667,
    83.66666666666667,
    81.33333333333333,
    81.66666666666667,
    78.33333333333333,
    78.0,
    76.33333333333333,
    75.0,
    72.0,
    70.33333333333333,
    67.0,
    64.66666666666667,
    60.0,
    57.666666666666664,
    52.666666666666664,
    49.0,
    44.333333333333336,
    40.0,
    35.333333333333336,
    31.333333333333332,
    26.333333333333332,
    22.333333333333332,
    18.333333333333332,
    16.0,
    14.0
  ],
  "profile_slice_minor_px": [
    23,
    26
  ],
  "profile_slice_minor_um": [
    42.55,
    48.1
  ],
  "flat_top_center_px": 93.08758713288287,
  "flat_top_half_width_px": 64.24816690579283,
  "flat_top_bounds_px": [
    29,
    144
  ],
  "flat_top_width_um": 212.75,
  "flat_top_mean_intensity": 88.65797101449274,
  "rms_percent": 23.961174467705856,
  "pk_pk_percent": 101.88969169908785,
  "plot_path": "C:\\Users\\Galileo\\slm_runner\\data\\sheet\\testfile_sheet_analysis.png"
}