{
  "after_path": "C:/Users/Galileo/slm_runner/data/sheet/testfile_sheet_after.bmp",
  "before_path": "C:/Users/Galileo/slm_runner/data/sheet/testfile_sheet_before.bmp",
  "dark_corrected": true,
  "cam_pitch_um": 1.85,
  "roi_bbox_y0y1x0x1": [
    1539,
    1595,
    1515,
    1658
  ],
  "roi_shape_yx": [
    56,
    143
  ],
  "roi_size_um_yx": [
    103.6,
    264.55
  ],
  "major_is_y": false,
  "profile_length_px": 143,
  "profile_values": [
    24.666666666666668,
    25.0,
    26.0,
    27.0,
    28.666666666666668,
    31.666666666666668,
    36.333333333333336,
    38.333333333333336,
    44.333333333333336,
    47.0,
    53.333333333333336,
    57.0,
    61.666666666666664,
    65.33333333333333,
    70.66666666666667,
    73.0,
    77.66666666666667,
    80.66666666666667,
    83.0,
    84.33333333333333,
    87.0,
    88.33333333333333,
    89.0,
    89.0,
    90.33333333333333,
    89.66666666666667,
    91.33333333333333,
    90.33333333333333,
    90.33333333333333,
    90.0,
    91.0,
    90.66666666666667,
    91.66666666666667,
    91.0,
    92.33333333333333,
    92.66666666666667,
    93.66666666666667,
    94.0,
    95.33333333333333,
    95.33333333333333,
    95.66666666666667,
    96.66666666666667,
    97.66666666666667,
    98.33333333333333,
    99.33333333333333,
    100.0,
    102.0,
    100.33333333333333,
    102.0,
    101.0,
    101.66666666666667,
    101.0,
    102.66666666666667,
    101.0,
    102.33333333333333,
    101.0,
    103.0,
    101.66666666666667,
    103.0,
    101.66666666666667,
    103.0,
    102.0,
    102.0,
    101.66666666666667,
    102.33333333333333,
    101.33333333333333,
    103.33333333333333,
    101.33333333333333,
    103.33333333333333,
    101.66666666666667,
    102.66666666666667,
    102.33333333333333,
    103.33333333333333,
    102.33333333333333,
    102.66666666666667,
    101.66666666666667,
    103.66666666666667,
    103.0,
    104.0,
    102.66666666666667,
    104.0,
    104.66666666666667,
    105.0,
    103.66666666666667,
    104.0,
    104.0,
    104.0,
    103.33333333333333,
    104.33333333333333,
    102.66666666666667,
    104.33333333333333,
    102.66666666666667,
    104.0,
    101.33333333333333,
    103.33333333333333,
    101.0,
    102.0,
    100.33333333333333,
    101.66666666666667,
    100.0,
    101.33333333333333,
    99.0,
    100.0,
    98.66666666666667,
    98.33333333333333,
    98.0,
    97.66666666666667,
    97.0,
    96.33333333333333,
    95.33333333333333,
    95.33333333333333,
    94.66666666666667,
    95.33333333333333,
    93.66666666666667,
    95.0,
    93.66666666666667,
    94.66666666666667,
    92.66666666666667,
    92.33333333333333,
    90.66666666666667,
    90.33333333333333,
    87.66666666666667,
    87.0,
    82.66666666666667,
    81.0,
    78.0,
    75.33333333333333,
    71.0,
    67.66666666666667,
    63.666666666666664,
    58.666666666666664,
    54.333333333333336,
    51.0,
    46.666666666666664,
    43.0,
    38.666666666666664,
    35.0,
    30.0,
    27.0,
    24.666666666666668,
    21.666666666666668,
    19.666666666666668,
    18.666666666666668
  ],
  "profile_slice_minor_px": [
    25,
    28
  ],
  "profile_slice_minor_um": [
    46.25,
    51.8
  ],
  "flat_top_center_px": 70.77179525458821,
  "flat_top_half_width_px": 33.795676108333836,
  "flat_top_bounds_px": [
    37,
    105
  ],
  "flat_top_width_um": 125.8,
  "flat_top_mean_intensity": 101.5392156862745,
  "rms_percent": 2.3206301520942043,
  "pk_pk_percent": 10.833252872453414,
  "plot_path": "C:\\Users\\Galileo\\slm_runner\\data\\sheet\\testfile_sheet_analysis.png"
}