{
  "after_path": "C:/Users/Galileo/slm_runner/data/sheet/testfile_sheet_after.bmp",
  "before_path": "C:/Users/Galileo/slm_runner/data/sheet/testfile_sheet_before.bmp",
  "dark_corrected": true,
  "cam_pitch_um": 1.85,
  "roi_bbox_y0y1x0x1": [
    1539,
    1594,
    1515,
    1658
  ],
  "roi_shape_yx": [
    55,
    143
  ],
  "roi_size_um_yx": [
    101.75,
    264.55
  ],
  "major_is_y": false,
  "profile_length_px": 143,
  "profile_values": [
    24.333333333333332,
    25.333333333333332,
    26.333333333333332,
    28.333333333333332,
    32.0,
    34.666666666666664,
    40.0,
    42.666666666666664,
    49.0,
    52.333333333333336,
    58.666666666666664,
    62.0,
    67.33333333333333,
    71.33333333333333,
    77.33333333333333,
    79.66666666666667,
    84.0,
    87.33333333333333,
    89.66666666666667,
    90.66666666666667,
    93.0,
    94.33333333333333,
    95.0,
    96.0,
    97.33333333333333,
    96.66666666666667,
    97.66666666666667,
    96.33333333333333,
    97.33333333333333,
    97.0,
    97.66666666666667,
    96.66666666666667,
    98.66666666666667,
    98.0,
    99.66666666666667,
    100.0,
    101.33333333333333,
    101.0,
    102.66666666666667,
    103.33333333333333,
    104.33333333333333,
    104.33333333333333,
    105.33333333333333,
    105.0,
    107.33333333333333,
    107.66666666666667,
    109.33333333333333,
    107.66666666666667,
    109.33333333333333,
    108.33333333333333,
    110.33333333333333,
    108.66666666666667,
    110.66666666666667,
    109.66666666666667,
    111.33333333333333,
    109.0,
    111.66666666666667,
    109.0,
    111.33333333333333,
    109.66666666666667,
    110.66666666666667,
    110.0,
    110.66666666666667,
    110.0,
    111.66666666666667,
    110.33333333333333,
    111.66666666666667,
    110.0,
    111.33333333333333,
    110.66666666666667,
    112.33333333333333,
    111.0,
    111.66666666666667,
    110.66666666666667,
    110.66666666666667,
    110.66666666666667,
    111.0,
    110.33333333333333,
    111.33333333333333,
    110.33333333333333,
    111.33333333333333,
    110.66666666666667,
    111.66666666666667,
    111.33333333333333,
    111.33333333333333,
    109.0,
    109.66666666666667,
    109.33333333333333,
    111.0,
    109.66666666666667,
    111.33333333333333,
    109.0,
    111.33333333333333,
    109.33333333333333,
    111.0,
    108.66666666666667,
    110.0,
    108.33333333333333,
    110.0,
    107.66666666666667,
    110.0,
    107.33333333333333,
    108.0,
    107.66666666666667,
    107.66666666666667,
    106.0,
    106.33333333333333,
    105.0,
    104.0,
    103.33333333333333,
    103.66666666666667,
    101.0,
    102.0,
    100.0,
    101.66666666666667,
    99.66666666666667,
    100.0,
    98.0,
    98.33333333333333,
    95.33333333333333,
    96.0,
    93.66666666666667,
    93.0,
    89.66666666666667,
    87.66666666666667,
    85.0,
    82.33333333333333,
    78.66666666666667,
    76.0,
    70.66666666666667,
    67.66666666666667,
    63.0,
    58.333333333333336,
    53.333333333333336,
    49.333333333333336,
    45.333333333333336,
    41.0,
    35.333333333333336,
    31.0,
    27.333333333333332,
    24.0,
    21.333333333333332,
    19.0
  ],
  "profile_slice_minor_px": [
    25,
    28
  ],
  "profile_slice_minor_um": [
    46.25,
    51.8
  ],
  "flat_top_center_px": 70.95292420586554,
  "flat_top_half_width_px": 34.0633176809647,
  "flat_top_bounds_px": [
    37,
    105
  ],
  "flat_top_width_um": 125.8,
  "flat_top_mean_intensity": 109.3578431372549,
  "rms_percent": 2.1223138639383765,
  "pk_pk_percent": 10.363530413734363,
  "plot_path": "C:\\Users\\Galileo\\slm_runner\\data\\sheet\\testfile_sheet_analysis.png"
}