{
  "after_path": "data/1d_sheet/testfile_1dsheet_after.bmp",
  "roi_bbox_y0y1x0x1": [
    1354,
    1404,
    1536,
    1633
  ],
  "roi_shape_yx": [
    50,
    97
  ],
  "major_is_y": false,
  "profile_length_px": 97,
  "profile_values": [
    74.33333333333333,
    72.0,
    73.33333333333333,
    77.66666666666667,
    82.33333333333333,
    89.33333333333333,
    94.66666666666667,
    103.0,
    107.0,
    114.33333333333333,
    117.33333333333333,
    124.33333333333333,
    125.33333333333333,
    130.66666666666666,
    131.0,
    135.0,
    135.33333333333334,
    139.33333333333334,
    139.0,
    142.0,
    142.0,
    145.0,
    144.33333333333334,
    146.33333333333334,
    145.66666666666666,
    147.33333333333334,
    146.33333333333334,
    148.0,
    146.33333333333334,
    148.0,
    146.0,
    147.33333333333334,
    146.66666666666666,
    147.66666666666666,
    146.33333333333334,
    147.33333333333334,
    147.0,
    148.33333333333334,
    147.66666666666666,
    149.0,
    147.33333333333334,
    147.66666666666666,
    148.0,
    148.33333333333334,
    147.66666666666666,
    148.0,
    146.0,
    147.0,
    145.0,
    145.33333333333334,
    143.0,
    142.33333333333334,
    140.66666666666666,
    140.0,
    138.0,
    137.33333333333334,
    135.0,
    135.0,
    133.33333333333334,
    133.33333333333334,
    131.66666666666666,
    132.0,
    132.33333333333334,
    133.0,
    133.66666666666666,
    135.0,
    136.33333333333334,
    138.33333333333334,
    139.0,
    141.0,
    141.66666666666666,
    143.66666666666666,
    143.0,
    144.0,
    143.0,
    143.33333333333334,
    141.33333333333334,
    141.0,
    137.66666666666666,
    136.33333333333334,
    132.66666666666666,
    131.0,
    126.33333333333333,
    122.66666666666667,
    117.66666666666667,
    114.33333333333333,
    109.0,
    105.33333333333333,
    100.66666666666667,
    97.0,
    92.66666666666667,
    90.66666666666667,
    88.33333333333333,
    89.66666666666667,
    90.0,
    93.66666666666667,
    97.33333333333333
  ],
  "flat_top_center_px": 47.61599364808192,
  "flat_top_half_width_px": 28.551741272555848,
  "flat_top_bounds_px": [
    19,
    76
  ],
  "flat_top_mean_intensity": 142.7017543859649,
  "rms_percent": 3.681317471875172,
  "pk_pk_percent": 12.146545365134013,
  "plot_path": "docs/sweep_sheet/1d_vs_2d/1d_plot.png"
}