{
  "after_path": "data/sheet/testfile_sheet_after.bmp",
  "roi_bbox_y0y1x0x1": [
    1666,
    1716,
    1933,
    2048
  ],
  "roi_shape_yx": [
    50,
    115
  ],
  "major_is_y": false,
  "profile_length_px": 115,
  "profile_values": [
    30.0,
    33.333333333333336,
    41.333333333333336,
    47.0,
    57.333333333333336,
    64.33333333333333,
    77.66666666666667,
    85.0,
    99.0,
    107.0,
    120.0,
    126.0,
    138.0,
    141.66666666666666,
    154.66666666666666,
    159.33333333333334,
    174.0,
    176.0,
    191.0,
    195.0,
    208.33333333333334,
    212.0,
    225.0,
    226.33333333333334,
    238.0,
    238.33333333333334,
    247.0,
    243.66666666666666,
    250.33333333333334,
    245.33333333333334,
    248.0,
    242.33333333333334,
    243.33333333333334,
    233.66666666666666,
    232.0,
    219.33333333333334,
    216.33333333333334,
    204.66666666666666,
    201.0,
    187.66666666666666,
    187.0,
    174.33333333333334,
    173.66666666666666,
    166.33333333333334,
    168.0,
    161.66666666666666,
    165.66666666666666,
    162.66666666666666,
    168.0,
    167.0,
    176.66666666666666,
    181.0,
    194.33333333333334,
    202.66666666666666,
    219.33333333333334,
    228.66666666666666,
    247.0,
    254.66666666666666,
    255.0,
    255.0,
    255.0,
    255.0,
    255.0,
    255.0,
    255.0,
    255.0,
    255.0,
    255.0,
    255.0,
    255.0,
    255.0,
    255.0,
    255.0,
    254.66666666666666,
    255.0,
    254.33333333333334,
    255.0,
    255.0,
    255.0,
    255.0,
    255.0,
    255.0,
    255.0,
    255.0,
    255.0,
    255.0,
    255.0,
    255.0,
    255.0,
    255.0,
    255.0,
    255.0,
    255.0,
    255.0,
    255.0,
    255.0,
    255.0,
    255.0,
    255.0,
    255.0,
    255.0,
    255.0,
    255.0,
    255.0,
    233.0,
    189.33333333333334,
    158.0,
    122.0,
    95.66666666666667,
    71.66666666666667,
    54.333333333333336,
    43.0,
    35.0,
    32.333333333333336,
    31.333333333333332
  ],
  "flat_top_center_px": 59.785228938024474,
  "flat_top_half_width_px": 40.25625110839417,
  "flat_top_bounds_px": [
    20,
    100
  ],
  "flat_top_mean_intensity": 233.37916666666666,
  "rms_percent": 13.299925705533983,
  "pk_pk_percent": 39.9921444002071,
  "plot_path": "docs/sweep_sheet/closed_loop/iter03_plot.png"
}