{
  "after_path": "data/sheet/testfile_sheet_after.bmp",
  "roi_bbox_y0y1x0x1": [
    1666,
    1716,
    1933,
    2048
  ],
  "roi_shape_yx": [
    50,
    115
  ],
  "major_is_y": false,
  "profile_length_px": 115,
  "profile_values": [
    31.0,
    34.333333333333336,
    42.0,
    46.333333333333336,
    57.0,
    64.0,
    76.66666666666667,
    84.33333333333333,
    98.66666666666667,
    106.33333333333333,
    120.0,
    124.33333333333333,
    137.0,
    141.0,
    153.0,
    157.66666666666666,
    171.0,
    173.66666666666666,
    186.66666666666666,
    190.33333333333334,
    202.33333333333334,
    205.0,
    216.66666666666666,
    218.66666666666666,
    227.0,
    227.66666666666666,
    237.66666666666666,
    234.0,
    242.0,
    235.66666666666666,
    239.33333333333334,
    235.33333333333334,
    236.66666666666666,
    228.0,
    229.0,
    216.66666666666666,
    215.0,
    203.66666666666666,
    202.0,
    187.33333333333334,
    186.0,
    173.66666666666666,
    173.33333333333334,
    164.33333333333334,
    165.66666666666666,
    158.66666666666666,
    161.33333333333334,
    157.66666666666666,
    163.66666666666666,
    163.66666666666666,
    173.0,
    178.0,
    192.33333333333334,
    202.0,
    220.33333333333334,
    232.33333333333334,
    252.0,
    255.0,
    255.0,
    255.0,
    255.0,
    255.0,
    255.0,
    255.0,
    255.0,
    255.0,
    255.0,
    255.0,
    255.0,
    255.0,
    255.0,
    255.0,
    255.0,
    255.0,
    255.0,
    255.0,
    255.0,
    255.0,
    255.0,
    255.0,
    255.0,
    255.0,
    255.0,
    255.0,
    255.0,
    255.0,
    255.0,
    255.0,
    255.0,
    255.0,
    255.0,
    255.0,
    255.0,
    255.0,
    255.0,
    255.0,
    255.0,
    255.0,
    255.0,
    255.0,
    255.0,
    255.0,
    255.0,
    255.0,
    238.66666666666666,
    192.66666666666666,
    160.0,
    123.0,
    96.33333333333333,
    71.33333333333333,
    55.0,
    42.333333333333336,
    35.333333333333336,
    32.666666666666664,
    32.666666666666664
  ],
  "flat_top_center_px": 59.884852950041555,
  "flat_top_half_width_px": 40.38127651336039,
  "flat_top_bounds_px": [
    20,
    100
  ],
  "flat_top_mean_intensity": 231.5333333333333,
  "rms_percent": 13.81589058097535,
  "pk_pk_percent": 42.038583357327965,
  "plot_path": "docs/sweep_sheet/closed_loop/iter04_plot.png"
}