{
  "after_path": "data/sheet/testfile_sheet_after.bmp",
  "roi_bbox_y0y1x0x1": [
    1667,
    1715,
    1933,
    2048
  ],
  "roi_shape_yx": [
    48,
    115
  ],
  "major_is_y": false,
  "profile_length_px": 115,
  "profile_values": [
    29.0,
    33.0,
    40.333333333333336,
    46.0,
    57.333333333333336,
    65.33333333333333,
    80.66666666666667,
    91.0,
    107.66666666666667,
    118.33333333333333,
    135.33333333333334,
    141.33333333333334,
    156.33333333333334,
    161.0,
    174.66666666666666,
    179.33333333333334,
    194.0,
    193.66666666666666,
    207.33333333333334,
    210.33333333333334,
    220.0,
    222.0,
    233.66666666666666,
    233.66666666666666,
    244.33333333333334,
    243.66666666666666,
    251.33333333333334,
    250.33333333333334,
    254.66666666666666,
    253.66666666666666,
    254.66666666666666,
    255.0,
    255.0,
    254.33333333333334,
    252.66666666666666,
    245.0,
    245.0,
    233.66666666666666,
    232.66666666666666,
    216.33333333333334,
    215.0,
    199.33333333333334,
    197.66666666666666,
    187.0,
    186.66666666666666,
    176.66666666666666,
    177.33333333333334,
    171.0,
    175.0,
    170.66666666666666,
    178.33333333333334,
    180.0,
    192.0,
    198.0,
    213.33333333333334,
    221.0,
    240.33333333333334,
    251.0,
    255.0,
    255.0,
    255.0,
    255.0,
    255.0,
    255.0,
    255.0,
    255.0,
    255.0,
    255.0,
    255.0,
    255.0,
    255.0,
    255.0,
    255.0,
    255.0,
    255.0,
    255.0,
    255.0,
    255.0,
    255.0,
    255.0,
    255.0,
    255.0,
    255.0,
    255.0,
    255.0,
    255.0,
    255.0,
    255.0,
    255.0,
    255.0,
    255.0,
    255.0,
    255.0,
    255.0,
    255.0,
    255.0,
    255.0,
    255.0,
    255.0,
    255.0,
    255.0,
    255.0,
    255.0,
    247.0,
    214.0,
    173.33333333333334,
    142.0,
    111.0,
    86.66666666666667,
    65.33333333333333,
    50.333333333333336,
    40.0,
    33.0,
    31.333333333333332,
    30.666666666666668
  ],
  "flat_top_center_px": 45.61500935264665,
  "flat_top_half_width_px": 57.23373000780316,
  "flat_top_bounds_px": [
    0,
    103
  ],
  "flat_top_mean_intensity": 216.3009708737864,
  "rms_percent": 27.193087891443568,
  "pk_pk_percent": 104.48404326944656,
  "plot_path": "docs/sweep_sheet/closed_loop/iter02_plot.png"
}