{
  "after_path": "data/sheet/testfile_sheet_after.bmp",
  "roi_bbox_y0y1x0x1": [
    1668,
    1715,
    1932,
    2046
  ],
  "roi_shape_yx": [
    47,
    114
  ],
  "major_is_y": false,
  "profile_length_px": 114,
  "profile_values": [
    27.666666666666668,
    33.0,
    38.0,
    46.666666666666664,
    53.0,
    65.33333333333333,
    74.66666666666667,
    89.66666666666667,
    101.0,
    118.33333333333333,
    131.0,
    149.0,
    159.66666666666666,
    177.33333333333334,
    184.66666666666666,
    203.66666666666666,
    211.66666666666666,
    229.66666666666666,
    233.0,
    249.66666666666666,
    253.33333333333334,
    255.0,
    255.0,
    255.0,
    255.0,
    255.0,
    255.0,
    255.0,
    255.0,
    255.0,
    255.0,
    255.0,
    255.0,
    255.0,
    255.0,
    255.0,
    255.0,
    255.0,
    255.0,
    255.0,
    244.66666666666666,
    245.33333333333334,
    228.33333333333334,
    229.0,
    217.33333333333334,
    219.0,
    206.33333333333334,
    211.33333333333334,
    201.66666666666666,
    207.66666666666666,
    202.66666666666666,
    212.33333333333334,
    210.66666666666666,
    223.0,
    228.33333333333334,
    243.0,
    247.66666666666666,
    255.0,
    255.0,
    255.0,
    255.0,
    255.0,
    255.0,
    255.0,
    255.0,
    255.0,
    255.0,
    255.0,
    255.0,
    255.0,
    255.0,
    255.0,
    255.0,
    255.0,
    255.0,
    255.0,
    255.0,
    255.0,
    255.0,
    255.0,
    255.0,
    255.0,
    255.0,
    255.0,
    255.0,
    255.0,
    255.0,
    255.0,
    255.0,
    255.0,
    255.0,
    255.0,
    255.0,
    255.0,
    255.0,
    255.0,
    255.0,
    255.0,
    255.0,
    255.0,
    254.33333333333334,
    239.33333333333334,
    204.33333333333334,
    183.33333333333334,
    152.33333333333334,
    131.0,
    105.0,
    88.0,
    68.33333333333333,
    55.666666666666664,
    43.333333333333336,
    35.0,
    29.666666666666668,
    26.666666666666668
  ],
  "flat_top_center_px": 40.75337899497265,
  "flat_top_half_width_px": 59.29355975133444,
  "flat_top_bounds_px": [
    0,
    100
  ],
  "flat_top_mean_intensity": 224.1833333333333,
  "rms_percent": 26.388905392162616,
  "pk_pk_percent": 101.40509999256562,
  "plot_path": "docs/sweep_sheet/closed_loop/iter01_plot.png"
}