{
  "after_path": "data/sheet/testfile_sheet_after.bmp",
  "roi_bbox_y0y1x0x1": [
    1669,
    1715,
    1931,
    2043
  ],
  "roi_shape_yx": [
    46,
    112
  ],
  "major_is_y": false,
  "profile_length_px": 112,
  "profile_values": [
    26.0,
    29.333333333333332,
    34.333333333333336,
    40.333333333333336,
    48.0,
    56.0,
    66.33333333333333,
    77.0,
    91.66666666666667,
    104.33333333333333,
    122.0,
    138.0,
    157.66666666666666,
    170.33333333333334,
    191.0,
    203.0,
    223.66666666666666,
    233.66666666666666,
    252.0,
    254.33333333333334,
    255.0,
    255.0,
    255.0,
    255.0,
    255.0,
    255.0,
    255.0,
    255.0,
    255.0,
    255.0,
    255.0,
    255.0,
    255.0,
    255.0,
    255.0,
    255.0,
    255.0,
    255.0,
    255.0,
    255.0,
    255.0,
    255.0,
    255.0,
    255.0,
    255.0,
    254.0,
    255.0,
    249.66666666666666,
    253.0,
    245.0,
    251.33333333333334,
    245.0,
    252.33333333333334,
    250.66666666666666,
    255.0,
    255.0,
    255.0,
    255.0,
    255.0,
    255.0,
    255.0,
    255.0,
    255.0,
    255.0,
    255.0,
    255.0,
    255.0,
    255.0,
    255.0,
    255.0,
    255.0,
    255.0,
    255.0,
    255.0,
    255.0,
    255.0,
    255.0,
    255.0,
    255.0,
    255.0,
    255.0,
    255.0,
    255.0,
    255.0,
    255.0,
    255.0,
    255.0,
    255.0,
    255.0,
    255.0,
    255.0,
    255.0,
    255.0,
    255.0,
    255.0,
    252.66666666666666,
    246.66666666666666,
    222.66666666666666,
    212.33333333333334,
    187.33333333333334,
    174.66666666666666,
    150.66666666666666,
    135.66666666666666,
    114.33333333333333,
    100.0,
    82.66666666666667,
    69.66666666666667,
    55.333333333333336,
    46.333333333333336,
    36.666666666666664,
    31.0,
    26.0
  ],
  "flat_top_center_px": 38.16258121266795,
  "flat_top_half_width_px": 57.132723705035595,
  "flat_top_bounds_px": [
    0,
    95
  ],
  "flat_top_mean_intensity": 227.42105263157896,
  "rms_percent": 27.865889891164965,
  "pk_pk_percent": 100.69428373061791,
  "plot_path": "docs/sweep_sheet/closed_loop/iter00_plot.png"
}